seed,strategy,constellation,stake,ante,blindIdx,blindId,isBoss,target,score,handsUsed,outcome
101,heuristic_shop,lyra,spark,1,0,lesser_trial,0,250,55,4,bust
102,heuristic_shop,lyra,spark,1,0,lesser_trial,0,250,264,2,clear
102,heuristic_shop,lyra,spark,1,1,greater_trial,0,750,751,3,clear
102,heuristic_shop,lyra,spark,1,2,ceres,1,1600,1674,3,clear
102,heuristic_shop,lyra,spark,2,3,lesser_trial,0,700,756,1,clear
102,heuristic_shop,lyra,spark,2,4,greater_trial,0,1650,2469,3,clear
102,heuristic_shop,lyra,spark,2,5,phobos,1,3600,700,5,bust
103,heuristic_shop,lyra,spark,1,0,lesser_trial,0,250,420,2,clear
103,heuristic_shop,lyra,spark,1,1,greater_trial,0,750,1013,3,clear
104,heuristic_shop,lyra,spark,1,0,lesser_trial,0,250,265,2,clear
104,heuristic_shop,lyra,spark,1,1,greater_trial,0,750,475,4,bust
105,heuristic_shop,lyra,spark,1,0,lesser_trial,0,250,340,2,clear
105,heuristic_shop,lyra,spark,1,1,greater_trial,0,750,768,1,clear
106,heuristic_shop,lyra,spark,1,0,lesser_trial,0,250,330,1,clear
106,heuristic_shop,lyra,spark,1,1,greater_trial,0,750,849,4,clear
106,heuristic_shop,lyra,spark,1,2,charon,1,1600,546,4,bust
107,heuristic_shop,lyra,spark,1,0,lesser_trial,0,250,257,2,clear
107,heuristic_shop,lyra,spark,1,1,greater_trial,0,750,1185,2,clear
107,heuristic_shop,lyra,spark,1,2,callisto,1,1600,1041,4,bust
108,heuristic_shop,lyra,spark,1,0,lesser_trial,0,250,439,2,clear
108,heuristic_shop,lyra,spark,1,1,greater_trial,0,750,1008,1,clear
109,heuristic_shop,lyra,spark,1,0,lesser_trial,0,250,912,1,clear
109,heuristic_shop,lyra,spark,1,1,greater_trial,0,750,510,4,bust
110,heuristic_shop,lyra,spark,1,0,lesser_trial,0,250,1215,2,clear
110,heuristic_shop,lyra,spark,1,1,greater_trial,0,750,383,4,bust
111,heuristic_shop,lyra,spark,1,0,lesser_trial,0,250,1176,2,clear
111,heuristic_shop,lyra,spark,1,1,greater_trial,0,750,960,1,clear
111,heuristic_shop,lyra,spark,1,2,eris,1,1600,1186,4,bust
112,heuristic_shop,lyra,spark,1,0,lesser_trial,0,250,1380,2,clear
112,heuristic_shop,lyra,spark,1,1,greater_trial,0,750,779,4,clear
112,heuristic_shop,lyra,spark,1,2,charon,1,1600,1739,3,clear
112,heuristic_shop,lyra,spark,2,3,lesser_trial,0,700,672,4,bust
113,heuristic_shop,lyra,spark,1,0,lesser_trial,0,250,420,2,clear
113,heuristic_shop,lyra,spark,1,1,greater_trial,0,750,1245,2,clear
113,heuristic_shop,lyra,spark,1,2,callisto,1,1600,3274,2,clear
113,heuristic_shop,lyra,spark,2,3,lesser_trial,0,700,875,3,clear
113,heuristic_shop,lyra,spark,2,4,greater_trial,0,1650,2022,3,clear
113,heuristic_shop,lyra,spark,2,5,ceres,1,3600,6026,5,clear
113,heuristic_shop,lyra,spark,3,6,lesser_trial,0,1500,1279,5,bust
114,heuristic_shop,lyra,spark,1,0,lesser_trial,0,250,465,2,clear
114,heuristic_shop,lyra,spark,1,1,greater_trial,0,750,1365,2,clear
114,heuristic_shop,lyra,spark,1,2,eris,1,1600,1659,3,clear
114,heuristic_shop,lyra,spark,2,3,lesser_trial,0,700,709,3,clear
114,heuristic_shop,lyra,spark,2,4,greater_trial,0,1650,2484,3,clear
114,heuristic_shop,lyra,spark,2,5,ceres,1,3600,1095,4,bust
115,heuristic_shop,lyra,spark,1,0,lesser_trial,0,250,420,2,clear
115,heuristic_shop,lyra,spark,1,1,greater_trial,0,750,734,4,bust
116,heuristic_shop,lyra,spark,1,0,lesser_trial,0,250,443,2,clear
116,heuristic_shop,lyra,spark,1,1,greater_trial,0,750,1320,1,clear
117,heuristic_shop,lyra,spark,1,0,lesser_trial,0,250,1191,3,clear
117,heuristic_shop,lyra,spark,1,1,greater_trial,0,750,537,4,bust
118,heuristic_shop,lyra,spark,1,0,lesser_trial,0,250,2210,3,clear
118,heuristic_shop,lyra,spark,1,1,greater_trial,0,750,1812,3,clear
118,heuristic_shop,lyra,spark,1,2,callisto,1,1600,330,4,bust
119,heuristic_shop,lyra,spark,1,0,lesser_trial,0,250,438,3,clear
119,heuristic_shop,lyra,spark,1,1,greater_trial,0,750,354,4,bust
120,heuristic_shop,lyra,spark,1,0,lesser_trial,0,250,324,2,clear
120,heuristic_shop,lyra,spark,1,1,greater_trial,0,750,1190,1,clear
101,heuristic_shop,lyra,ember,1,0,lesser_trial,0,300,32,3,bust
102,heuristic_shop,lyra,ember,1,0,lesser_trial,0,300,288,3,bust
103,heuristic_shop,lyra,ember,1,0,lesser_trial,0,300,420,2,clear
103,heuristic_shop,lyra,ember,1,1,greater_trial,0,900,1013,3,clear
104,heuristic_shop,lyra,ember,1,0,lesser_trial,0,300,513,3,clear
104,heuristic_shop,lyra,ember,1,1,greater_trial,0,900,353,3,bust
105,heuristic_shop,lyra,ember,1,0,lesser_trial,0,300,400,2,clear
105,heuristic_shop,lyra,ember,1,1,greater_trial,0,900,978,2,clear
106,heuristic_shop,lyra,ember,1,0,lesser_trial,0,300,330,1,clear
106,heuristic_shop,lyra,ember,1,1,greater_trial,0,900,266,3,bust
107,heuristic_shop,lyra,ember,1,0,lesser_trial,0,300,263,3,bust
108,heuristic_shop,lyra,ember,1,0,lesser_trial,0,300,439,2,clear
108,heuristic_shop,lyra,ember,1,1,greater_trial,0,900,1008,1,clear
109,heuristic_shop,lyra,ember,1,0,lesser_trial,0,300,912,1,clear
109,heuristic_shop,lyra,ember,1,1,greater_trial,0,900,482,3,bust
110,heuristic_shop,lyra,ember,1,0,lesser_trial,0,300,1215,2,clear
110,heuristic_shop,lyra,ember,1,1,greater_trial,0,900,326,3,bust
111,heuristic_shop,lyra,ember,1,0,lesser_trial,0,300,1176,2,clear
111,heuristic_shop,lyra,ember,1,1,greater_trial,0,900,960,1,clear
111,heuristic_shop,lyra,ember,1,2,eris,1,1920,376,3,bust
112,heuristic_shop,lyra,ember,1,0,lesser_trial,0,300,1380,2,clear
112,heuristic_shop,lyra,ember,1,1,greater_trial,0,900,408,3,bust
113,heuristic_shop,lyra,ember,1,0,lesser_trial,0,300,420,2,clear
113,heuristic_shop,lyra,ember,1,1,greater_trial,0,900,1245,2,clear
113,heuristic_shop,lyra,ember,1,2,callisto,1,1920,3274,2,clear
113,heuristic_shop,lyra,ember,2,3,lesser_trial,0,840,990,2,clear
113,heuristic_shop,lyra,ember,2,4,greater_trial,0,1980,2217,3,clear
113,heuristic_shop,lyra,ember,2,5,ceres,1,4320,1266,3,bust
114,heuristic_shop,lyra,ember,1,0,lesser_trial,0,300,465,2,clear
114,heuristic_shop,lyra,ember,1,1,greater_trial,0,900,1365,2,clear
114,heuristic_shop,lyra,ember,1,2,eris,1,1920,327,3,bust
115,heuristic_shop,lyra,ember,1,0,lesser_trial,0,300,420,2,clear
115,heuristic_shop,lyra,ember,1,1,greater_trial,0,900,393,3,bust
116,heuristic_shop,lyra,ember,1,0,lesser_trial,0,300,443,2,clear
116,heuristic_shop,lyra,ember,1,1,greater_trial,0,900,1320,1,clear
117,heuristic_shop,lyra,ember,1,0,lesser_trial,0,300,241,3,bust
118,heuristic_shop,lyra,ember,1,0,lesser_trial,0,300,362,3,clear
118,heuristic_shop,lyra,ember,1,1,greater_trial,0,900,390,3,bust
119,heuristic_shop,lyra,ember,1,0,lesser_trial,0,300,144,3,bust
120,heuristic_shop,lyra,ember,1,0,lesser_trial,0,300,324,2,clear
120,heuristic_shop,lyra,ember,1,1,greater_trial,0,900,1190,1,clear
101,heuristic_shop,lyra,pyre,1,0,lesser_trial,0,300,238,3,bust
102,heuristic_shop,lyra,pyre,1,0,lesser_trial,0,300,296,3,bust
103,heuristic_shop,lyra,pyre,1,0,lesser_trial,0,300,147,3,bust
104,heuristic_shop,lyra,pyre,1,0,lesser_trial,0,300,144,3,bust
105,heuristic_shop,lyra,pyre,1,0,lesser_trial,0,300,129,3,bust
106,heuristic_shop,lyra,pyre,1,0,lesser_trial,0,300,330,1,clear
106,heuristic_shop,lyra,pyre,1,1,greater_trial,0,900,311,3,bust
107,heuristic_shop,lyra,pyre,1,0,lesser_trial,0,300,289,3,bust
108,heuristic_shop,lyra,pyre,1,0,lesser_trial,0,300,439,2,clear
108,heuristic_shop,lyra,pyre,1,1,greater_trial,0,900,682,3,bust
109,heuristic_shop,lyra,pyre,1,0,lesser_trial,0,300,912,1,clear
109,heuristic_shop,lyra,pyre,1,1,greater_trial,0,900,255,3,bust
110,heuristic_shop,lyra,pyre,1,0,lesser_trial,0,300,71,3,bust
111,heuristic_shop,lyra,pyre,1,0,lesser_trial,0,300,99,3,bust
112,heuristic_shop,lyra,pyre,1,0,lesser_trial,0,300,3044,2,clear
112,heuristic_shop,lyra,pyre,1,1,greater_trial,0,900,353,3,bust
113,heuristic_shop,lyra,pyre,1,0,lesser_trial,0,300,420,2,clear
113,heuristic_shop,lyra,pyre,1,1,greater_trial,0,900,912,1,clear
113,heuristic_shop,lyra,pyre,1,2,callisto,1,1920,128,3,bust
114,heuristic_shop,lyra,pyre,1,0,lesser_trial,0,300,465,2,clear
114,heuristic_shop,lyra,pyre,1,1,greater_trial,0,900,128,3,bust
115,heuristic_shop,lyra,pyre,1,0,lesser_trial,0,300,420,2,clear
115,heuristic_shop,lyra,pyre,1,1,greater_trial,0,900,1056,2,clear
115,heuristic_shop,lyra,pyre,1,2,charon,1,1920,418,3,bust
116,heuristic_shop,lyra,pyre,1,0,lesser_trial,0,300,443,2,clear
116,heuristic_shop,lyra,pyre,1,1,greater_trial,0,900,661,3,bust
117,heuristic_shop,lyra,pyre,1,0,lesser_trial,0,300,259,3,bust
118,heuristic_shop,lyra,pyre,1,0,lesser_trial,0,300,336,3,clear
118,heuristic_shop,lyra,pyre,1,1,greater_trial,0,900,309,3,bust
119,heuristic_shop,lyra,pyre,1,0,lesser_trial,0,300,1228,2,clear
119,heuristic_shop,lyra,pyre,1,1,greater_trial,0,900,374,3,bust
120,heuristic_shop,lyra,pyre,1,0,lesser_trial,0,300,293,3,bust
101,heuristic_shop,lyra,beacon,1,0,lesser_trial,0,325,238,3,bust
102,heuristic_shop,lyra,beacon,1,0,lesser_trial,0,325,296,3,bust
103,heuristic_shop,lyra,beacon,1,0,lesser_trial,0,325,147,3,bust
104,heuristic_shop,lyra,beacon,1,0,lesser_trial,0,325,144,3,bust
105,heuristic_shop,lyra,beacon,1,0,lesser_trial,0,325,129,3,bust
106,heuristic_shop,lyra,beacon,1,0,lesser_trial,0,325,330,1,clear
106,heuristic_shop,lyra,beacon,1,1,greater_trial,0,975,311,3,bust
107,heuristic_shop,lyra,beacon,1,0,lesser_trial,0,325,289,3,bust
108,heuristic_shop,lyra,beacon,1,0,lesser_trial,0,325,439,2,clear
108,heuristic_shop,lyra,beacon,1,1,greater_trial,0,975,803,3,bust
109,heuristic_shop,lyra,beacon,1,0,lesser_trial,0,325,912,1,clear
109,heuristic_shop,lyra,beacon,1,1,greater_trial,0,975,255,3,bust
110,heuristic_shop,lyra,beacon,1,0,lesser_trial,0,325,71,3,bust
111,heuristic_shop,lyra,beacon,1,0,lesser_trial,0,325,99,3,bust
112,heuristic_shop,lyra,beacon,1,0,lesser_trial,0,325,3044,2,clear
112,heuristic_shop,lyra,beacon,1,1,greater_trial,0,975,353,3,bust
113,heuristic_shop,lyra,beacon,1,0,lesser_trial,0,325,420,2,clear
113,heuristic_shop,lyra,beacon,1,1,greater_trial,0,975,6624,1,clear
113,heuristic_shop,lyra,beacon,1,2,callisto,1,2080,128,3,bust
114,heuristic_shop,lyra,beacon,1,0,lesser_trial,0,325,465,2,clear
114,heuristic_shop,lyra,beacon,1,1,greater_trial,0,975,128,3,bust
115,heuristic_shop,lyra,beacon,1,0,lesser_trial,0,325,420,2,clear
115,heuristic_shop,lyra,beacon,1,1,greater_trial,0,975,1056,2,clear
115,heuristic_shop,lyra,beacon,1,2,charon,1,2080,418,3,bust
116,heuristic_shop,lyra,beacon,1,0,lesser_trial,0,325,443,2,clear
116,heuristic_shop,lyra,beacon,1,1,greater_trial,0,975,661,3,bust
117,heuristic_shop,lyra,beacon,1,0,lesser_trial,0,325,259,3,bust
118,heuristic_shop,lyra,beacon,1,0,lesser_trial,0,325,336,3,clear
118,heuristic_shop,lyra,beacon,1,1,greater_trial,0,975,281,3,bust
119,heuristic_shop,lyra,beacon,1,0,lesser_trial,0,325,1228,2,clear
119,heuristic_shop,lyra,beacon,1,1,greater_trial,0,975,374,3,bust
120,heuristic_shop,lyra,beacon,1,0,lesser_trial,0,325,293,3,bust
101,heuristic_shop,lyra,nova,1,0,lesser_trial,0,363,238,2,bust
102,heuristic_shop,lyra,nova,1,0,lesser_trial,0,363,264,2,bust
103,heuristic_shop,lyra,nova,1,0,lesser_trial,0,363,62,2,bust
104,heuristic_shop,lyra,nova,1,0,lesser_trial,0,363,78,2,bust
105,heuristic_shop,lyra,nova,1,0,lesser_trial,0,363,35,2,bust
106,heuristic_shop,lyra,nova,1,0,lesser_trial,0,363,761,2,clear
106,heuristic_shop,lyra,nova,1,1,greater_trial,0,1088,49,2,bust
107,heuristic_shop,lyra,nova,1,0,lesser_trial,0,363,249,2,bust
108,heuristic_shop,lyra,nova,1,0,lesser_trial,0,363,219,2,bust
109,heuristic_shop,lyra,nova,1,0,lesser_trial,0,363,912,1,clear
109,heuristic_shop,lyra,nova,1,1,greater_trial,0,1088,231,2,bust
110,heuristic_shop,lyra,nova,1,0,lesser_trial,0,363,47,2,bust
111,heuristic_shop,lyra,nova,1,0,lesser_trial,0,363,91,2,bust
112,heuristic_shop,lyra,nova,1,0,lesser_trial,0,363,89,2,bust
113,heuristic_shop,lyra,nova,1,0,lesser_trial,0,363,420,2,clear
113,heuristic_shop,lyra,nova,1,1,greater_trial,0,1088,2400,1,clear
113,heuristic_shop,lyra,nova,1,2,callisto,1,2320,74,2,bust
114,heuristic_shop,lyra,nova,1,0,lesser_trial,0,363,465,2,clear
114,heuristic_shop,lyra,nova,1,1,greater_trial,0,1088,305,2,bust
115,heuristic_shop,lyra,nova,1,0,lesser_trial,0,363,420,2,clear
115,heuristic_shop,lyra,nova,1,1,greater_trial,0,1088,268,2,bust
116,heuristic_shop,lyra,nova,1,0,lesser_trial,0,363,443,2,clear
116,heuristic_shop,lyra,nova,1,1,greater_trial,0,1088,565,2,bust
117,heuristic_shop,lyra,nova,1,0,lesser_trial,0,363,227,2,bust
118,heuristic_shop,lyra,nova,1,0,lesser_trial,0,363,210,2,bust
119,heuristic_shop,lyra,nova,1,0,lesser_trial,0,363,78,2,bust
120,heuristic_shop,lyra,nova,1,0,lesser_trial,0,363,59,2,bust
101,heuristic_shop,lyra,supernova,1,0,lesser_trial,0,400,238,2,bust
102,heuristic_shop,lyra,supernova,1,0,lesser_trial,0,400,264,2,bust
103,heuristic_shop,lyra,supernova,1,0,lesser_trial,0,400,62,2,bust
104,heuristic_shop,lyra,supernova,1,0,lesser_trial,0,400,78,2,bust
105,heuristic_shop,lyra,supernova,1,0,lesser_trial,0,400,35,2,bust
106,heuristic_shop,lyra,supernova,1,0,lesser_trial,0,400,761,2,clear
106,heuristic_shop,lyra,supernova,1,1,greater_trial,0,1200,49,2,bust
107,heuristic_shop,lyra,supernova,1,0,lesser_trial,0,400,249,2,bust
108,heuristic_shop,lyra,supernova,1,0,lesser_trial,0,400,219,2,bust
109,heuristic_shop,lyra,supernova,1,0,lesser_trial,0,400,912,1,clear
109,heuristic_shop,lyra,supernova,1,1,greater_trial,0,1200,231,2,bust
110,heuristic_shop,lyra,supernova,1,0,lesser_trial,0,400,47,2,bust
111,heuristic_shop,lyra,supernova,1,0,lesser_trial,0,400,91,2,bust
112,heuristic_shop,lyra,supernova,1,0,lesser_trial,0,400,89,2,bust
113,heuristic_shop,lyra,supernova,1,0,lesser_trial,0,400,420,2,clear
113,heuristic_shop,lyra,supernova,1,1,greater_trial,0,1200,2400,1,clear
113,heuristic_shop,lyra,supernova,1,2,callisto,1,2560,74,2,bust
114,heuristic_shop,lyra,supernova,1,0,lesser_trial,0,400,465,2,clear
114,heuristic_shop,lyra,supernova,1,1,greater_trial,0,1200,305,2,bust
115,heuristic_shop,lyra,supernova,1,0,lesser_trial,0,400,420,2,clear
115,heuristic_shop,lyra,supernova,1,1,greater_trial,0,1200,268,2,bust
116,heuristic_shop,lyra,supernova,1,0,lesser_trial,0,400,443,2,clear
116,heuristic_shop,lyra,supernova,1,1,greater_trial,0,1200,565,2,bust
117,heuristic_shop,lyra,supernova,1,0,lesser_trial,0,400,227,2,bust
118,heuristic_shop,lyra,supernova,1,0,lesser_trial,0,400,210,2,bust
119,heuristic_shop,lyra,supernova,1,0,lesser_trial,0,400,78,2,bust
120,heuristic_shop,lyra,supernova,1,0,lesser_trial,0,400,59,2,bust
101,heuristic_shop,mensa,spark,1,0,lesser_trial,0,250,162,4,bust
102,heuristic_shop,mensa,spark,1,0,lesser_trial,0,250,245,4,bust
103,heuristic_shop,mensa,spark,1,0,lesser_trial,0,250,220,4,bust
104,heuristic_shop,mensa,spark,1,0,lesser_trial,0,250,284,3,clear
104,heuristic_shop,mensa,spark,1,1,greater_trial,0,750,251,4,bust
105,heuristic_shop,mensa,spark,1,0,lesser_trial,0,250,388,2,clear
105,heuristic_shop,mensa,spark,1,1,greater_trial,0,750,770,4,clear
106,heuristic_shop,mensa,spark,1,0,lesser_trial,0,250,1200,1,clear
106,heuristic_shop,mensa,spark,1,1,greater_trial,0,750,398,4,bust
107,heuristic_shop,mensa,spark,1,0,lesser_trial,0,250,184,4,bust
108,heuristic_shop,mensa,spark,1,0,lesser_trial,0,250,229,4,bust
109,heuristic_shop,mensa,spark,1,0,lesser_trial,0,250,256,2,clear
109,heuristic_shop,mensa,spark,1,1,greater_trial,0,750,205,4,bust
110,heuristic_shop,mensa,spark,1,0,lesser_trial,0,250,254,4,clear
110,heuristic_shop,mensa,spark,1,1,greater_trial,0,750,328,4,bust
111,heuristic_shop,mensa,spark,1,0,lesser_trial,0,250,190,4,bust
112,heuristic_shop,mensa,spark,1,0,lesser_trial,0,250,458,2,clear
112,heuristic_shop,mensa,spark,1,1,greater_trial,0,750,667,4,bust
113,heuristic_shop,mensa,spark,1,0,lesser_trial,0,250,471,4,clear
113,heuristic_shop,mensa,spark,1,1,greater_trial,0,750,327,4,bust
114,heuristic_shop,mensa,spark,1,0,lesser_trial,0,250,176,4,bust
115,heuristic_shop,mensa,spark,1,0,lesser_trial,0,250,412,3,clear
115,heuristic_shop,mensa,spark,1,1,greater_trial,0,750,151,4,bust
116,heuristic_shop,mensa,spark,1,0,lesser_trial,0,250,478,2,clear
116,heuristic_shop,mensa,spark,1,1,greater_trial,0,750,576,4,bust
117,heuristic_shop,mensa,spark,1,0,lesser_trial,0,250,326,2,clear
117,heuristic_shop,mensa,spark,1,1,greater_trial,0,750,2154,4,clear
117,heuristic_shop,mensa,spark,1,2,eris,1,1600,506,4,bust
118,heuristic_shop,mensa,spark,1,0,lesser_trial,0,250,319,3,clear
118,heuristic_shop,mensa,spark,1,1,greater_trial,0,750,256,4,bust
119,heuristic_shop,mensa,spark,1,0,lesser_trial,0,250,128,4,bust
120,heuristic_shop,mensa,spark,1,0,lesser_trial,0,250,289,2,clear
120,heuristic_shop,mensa,spark,1,1,greater_trial,0,750,1300,1,clear
101,heuristic_shop,mensa,ember,1,0,lesser_trial,0,300,83,3,bust
102,heuristic_shop,mensa,ember,1,0,lesser_trial,0,300,131,3,bust
103,heuristic_shop,mensa,ember,1,0,lesser_trial,0,300,153,3,bust
104,heuristic_shop,mensa,ember,1,0,lesser_trial,0,300,284,3,bust
105,heuristic_shop,mensa,ember,1,0,lesser_trial,0,300,455,2,clear
105,heuristic_shop,mensa,ember,1,1,greater_trial,0,900,417,3,bust
106,heuristic_shop,mensa,ember,1,0,lesser_trial,0,300,1200,1,clear
106,heuristic_shop,mensa,ember,1,1,greater_trial,0,900,85,3,bust
107,heuristic_shop,mensa,ember,1,0,lesser_trial,0,300,173,3,bust
108,heuristic_shop,mensa,ember,1,0,lesser_trial,0,300,99,3,bust
109,heuristic_shop,mensa,ember,1,0,lesser_trial,0,300,306,3,clear
109,heuristic_shop,mensa,ember,1,1,greater_trial,0,900,138,3,bust
110,heuristic_shop,mensa,ember,1,0,lesser_trial,0,300,84,3,bust
111,heuristic_shop,mensa,ember,1,0,lesser_trial,0,300,177,3,bust
112,heuristic_shop,mensa,ember,1,0,lesser_trial,0,300,458,2,clear
112,heuristic_shop,mensa,ember,1,1,greater_trial,0,900,410,3,bust
113,heuristic_shop,mensa,ember,1,0,lesser_trial,0,300,173,3,bust
114,heuristic_shop,mensa,ember,1,0,lesser_trial,0,300,167,3,bust
115,heuristic_shop,mensa,ember,1,0,lesser_trial,0,300,249,3,bust
116,heuristic_shop,mensa,ember,1,0,lesser_trial,0,300,478,2,clear
116,heuristic_shop,mensa,ember,1,1,greater_trial,0,900,263,3,bust
117,heuristic_shop,mensa,ember,1,0,lesser_trial,0,300,326,2,clear
117,heuristic_shop,mensa,ember,1,1,greater_trial,0,900,234,3,bust
118,heuristic_shop,mensa,ember,1,0,lesser_trial,0,300,227,3,bust
119,heuristic_shop,mensa,ember,1,0,lesser_trial,0,300,111,3,bust
120,heuristic_shop,mensa,ember,1,0,lesser_trial,0,300,304,3,clear
120,heuristic_shop,mensa,ember,1,1,greater_trial,0,900,1300,1,clear
101,heuristic_shop,mensa,pyre,1,0,lesser_trial,0,300,83,3,bust
102,heuristic_shop,mensa,pyre,1,0,lesser_trial,0,300,68,3,bust
103,heuristic_shop,mensa,pyre,1,0,lesser_trial,0,300,153,3,bust
104,heuristic_shop,mensa,pyre,1,0,lesser_trial,0,300,237,3,bust
105,heuristic_shop,mensa,pyre,1,0,lesser_trial,0,300,69,3,bust
106,heuristic_shop,mensa,pyre,1,0,lesser_trial,0,300,1200,1,clear
106,heuristic_shop,mensa,pyre,1,1,greater_trial,0,900,85,3,bust
107,heuristic_shop,mensa,pyre,1,0,lesser_trial,0,300,72,3,bust
108,heuristic_shop,mensa,pyre,1,0,lesser_trial,0,300,99,3,bust
109,heuristic_shop,mensa,pyre,1,0,lesser_trial,0,300,306,3,clear
109,heuristic_shop,mensa,pyre,1,1,greater_trial,0,900,138,3,bust
110,heuristic_shop,mensa,pyre,1,0,lesser_trial,0,300,84,3,bust
111,heuristic_shop,mensa,pyre,1,0,lesser_trial,0,300,177,3,bust
112,heuristic_shop,mensa,pyre,1,0,lesser_trial,0,300,458,2,clear
112,heuristic_shop,mensa,pyre,1,1,greater_trial,0,900,107,3,bust
113,heuristic_shop,mensa,pyre,1,0,lesser_trial,0,300,173,3,bust
114,heuristic_shop,mensa,pyre,1,0,lesser_trial,0,300,167,3,bust
115,heuristic_shop,mensa,pyre,1,0,lesser_trial,0,300,249,3,bust
116,heuristic_shop,mensa,pyre,1,0,lesser_trial,0,300,478,2,clear
116,heuristic_shop,mensa,pyre,1,1,greater_trial,0,900,580,3,bust
117,heuristic_shop,mensa,pyre,1,0,lesser_trial,0,300,64,3,bust
118,heuristic_shop,mensa,pyre,1,0,lesser_trial,0,300,201,3,bust
119,heuristic_shop,mensa,pyre,1,0,lesser_trial,0,300,111,3,bust
120,heuristic_shop,mensa,pyre,1,0,lesser_trial,0,300,304,3,clear
120,heuristic_shop,mensa,pyre,1,1,greater_trial,0,900,1300,1,clear
101,heuristic_shop,mensa,beacon,1,0,lesser_trial,0,325,83,3,bust
102,heuristic_shop,mensa,beacon,1,0,lesser_trial,0,325,68,3,bust
103,heuristic_shop,mensa,beacon,1,0,lesser_trial,0,325,153,3,bust
104,heuristic_shop,mensa,beacon,1,0,lesser_trial,0,325,237,3,bust
105,heuristic_shop,mensa,beacon,1,0,lesser_trial,0,325,69,3,bust
106,heuristic_shop,mensa,beacon,1,0,lesser_trial,0,325,1200,1,clear
106,heuristic_shop,mensa,beacon,1,1,greater_trial,0,975,85,3,bust
107,heuristic_shop,mensa,beacon,1,0,lesser_trial,0,325,72,3,bust
108,heuristic_shop,mensa,beacon,1,0,lesser_trial,0,325,99,3,bust
109,heuristic_shop,mensa,beacon,1,0,lesser_trial,0,325,306,3,bust
110,heuristic_shop,mensa,beacon,1,0,lesser_trial,0,325,84,3,bust
111,heuristic_shop,mensa,beacon,1,0,lesser_trial,0,325,177,3,bust
112,heuristic_shop,mensa,beacon,1,0,lesser_trial,0,325,458,2,clear
112,heuristic_shop,mensa,beacon,1,1,greater_trial,0,975,107,3,bust
113,heuristic_shop,mensa,beacon,1,0,lesser_trial,0,325,173,3,bust
114,heuristic_shop,mensa,beacon,1,0,lesser_trial,0,325,167,3,bust
115,heuristic_shop,mensa,beacon,1,0,lesser_trial,0,325,249,3,bust
116,heuristic_shop,mensa,beacon,1,0,lesser_trial,0,325,478,2,clear
116,heuristic_shop,mensa,beacon,1,1,greater_trial,0,975,580,3,bust
117,heuristic_shop,mensa,beacon,1,0,lesser_trial,0,325,64,3,bust
118,heuristic_shop,mensa,beacon,1,0,lesser_trial,0,325,201,3,bust
119,heuristic_shop,mensa,beacon,1,0,lesser_trial,0,325,111,3,bust
120,heuristic_shop,mensa,beacon,1,0,lesser_trial,0,325,304,3,bust
101,heuristic_shop,mensa,nova,1,0,lesser_trial,0,363,83,2,bust
102,heuristic_shop,mensa,nova,1,0,lesser_trial,0,363,57,2,bust
103,heuristic_shop,mensa,nova,1,0,lesser_trial,0,363,45,2,bust
104,heuristic_shop,mensa,nova,1,0,lesser_trial,0,363,207,2,bust
105,heuristic_shop,mensa,nova,1,0,lesser_trial,0,363,33,2,bust
106,heuristic_shop,mensa,nova,1,0,lesser_trial,0,363,1200,1,clear
106,heuristic_shop,mensa,nova,1,1,greater_trial,0,1088,37,2,bust
107,heuristic_shop,mensa,nova,1,0,lesser_trial,0,363,61,2,bust
108,heuristic_shop,mensa,nova,1,0,lesser_trial,0,363,45,2,bust
109,heuristic_shop,mensa,nova,1,0,lesser_trial,0,363,256,2,bust
110,heuristic_shop,mensa,nova,1,0,lesser_trial,0,363,58,2,bust
111,heuristic_shop,mensa,nova,1,0,lesser_trial,0,363,111,2,bust
112,heuristic_shop,mensa,nova,1,0,lesser_trial,0,363,179,2,bust
113,heuristic_shop,mensa,nova,1,0,lesser_trial,0,363,98,2,bust
114,heuristic_shop,mensa,nova,1,0,lesser_trial,0,363,83,2,bust
115,heuristic_shop,mensa,nova,1,0,lesser_trial,0,363,242,2,bust
116,heuristic_shop,mensa,nova,1,0,lesser_trial,0,363,478,2,clear
116,heuristic_shop,mensa,nova,1,1,greater_trial,0,1088,543,2,bust
117,heuristic_shop,mensa,nova,1,0,lesser_trial,0,363,51,2,bust
118,heuristic_shop,mensa,nova,1,0,lesser_trial,0,363,94,2,bust
119,heuristic_shop,mensa,nova,1,0,lesser_trial,0,363,96,2,bust
120,heuristic_shop,mensa,nova,1,0,lesser_trial,0,363,74,2,bust
101,heuristic_shop,mensa,supernova,1,0,lesser_trial,0,400,83,2,bust
102,heuristic_shop,mensa,supernova,1,0,lesser_trial,0,400,57,2,bust
103,heuristic_shop,mensa,supernova,1,0,lesser_trial,0,400,45,2,bust
104,heuristic_shop,mensa,supernova,1,0,lesser_trial,0,400,207,2,bust
105,heuristic_shop,mensa,supernova,1,0,lesser_trial,0,400,33,2,bust
106,heuristic_shop,mensa,supernova,1,0,lesser_trial,0,400,1200,1,clear
106,heuristic_shop,mensa,supernova,1,1,greater_trial,0,1200,37,2,bust
107,heuristic_shop,mensa,supernova,1,0,lesser_trial,0,400,61,2,bust
108,heuristic_shop,mensa,supernova,1,0,lesser_trial,0,400,45,2,bust
109,heuristic_shop,mensa,supernova,1,0,lesser_trial,0,400,256,2,bust
110,heuristic_shop,mensa,supernova,1,0,lesser_trial,0,400,58,2,bust
111,heuristic_shop,mensa,supernova,1,0,lesser_trial,0,400,111,2,bust
112,heuristic_shop,mensa,supernova,1,0,lesser_trial,0,400,179,2,bust
113,heuristic_shop,mensa,supernova,1,0,lesser_trial,0,400,98,2,bust
114,heuristic_shop,mensa,supernova,1,0,lesser_trial,0,400,83,2,bust
115,heuristic_shop,mensa,supernova,1,0,lesser_trial,0,400,242,2,bust
116,heuristic_shop,mensa,supernova,1,0,lesser_trial,0,400,478,2,clear
116,heuristic_shop,mensa,supernova,1,1,greater_trial,0,1200,543,2,bust
117,heuristic_shop,mensa,supernova,1,0,lesser_trial,0,400,51,2,bust
118,heuristic_shop,mensa,supernova,1,0,lesser_trial,0,400,94,2,bust
119,heuristic_shop,mensa,supernova,1,0,lesser_trial,0,400,96,2,bust
120,heuristic_shop,mensa,supernova,1,0,lesser_trial,0,400,74,2,bust
101,heuristic_shop,triumvirate,spark,1,0,lesser_trial,0,250,12,4,bust
102,heuristic_shop,triumvirate,spark,1,0,lesser_trial,0,250,182,4,bust
103,heuristic_shop,triumvirate,spark,1,0,lesser_trial,0,250,92,4,bust
104,heuristic_shop,triumvirate,spark,1,0,lesser_trial,0,250,466,3,clear
104,heuristic_shop,triumvirate,spark,1,1,greater_trial,0,750,97,4,bust
105,heuristic_shop,triumvirate,spark,1,0,lesser_trial,0,250,190,4,bust
106,heuristic_shop,triumvirate,spark,1,0,lesser_trial,0,250,278,3,clear
106,heuristic_shop,triumvirate,spark,1,1,greater_trial,0,750,68,4,bust
107,heuristic_shop,triumvirate,spark,1,0,lesser_trial,0,250,64,4,bust
108,heuristic_shop,triumvirate,spark,1,0,lesser_trial,0,250,353,2,clear
108,heuristic_shop,triumvirate,spark,1,1,greater_trial,0,750,307,4,bust
109,heuristic_shop,triumvirate,spark,1,0,lesser_trial,0,250,247,4,bust
110,heuristic_shop,triumvirate,spark,1,0,lesser_trial,0,250,57,4,bust
111,heuristic_shop,triumvirate,spark,1,0,lesser_trial,0,250,64,4,bust
112,heuristic_shop,triumvirate,spark,1,0,lesser_trial,0,250,136,4,bust
113,heuristic_shop,triumvirate,spark,1,0,lesser_trial,0,250,330,1,clear
113,heuristic_shop,triumvirate,spark,1,1,greater_trial,0,750,184,4,bust
114,heuristic_shop,triumvirate,spark,1,0,lesser_trial,0,250,222,4,bust
115,heuristic_shop,triumvirate,spark,1,0,lesser_trial,0,250,313,2,clear
115,heuristic_shop,triumvirate,spark,1,1,greater_trial,0,750,476,4,bust
116,heuristic_shop,triumvirate,spark,1,0,lesser_trial,0,250,70,4,bust
117,heuristic_shop,triumvirate,spark,1,0,lesser_trial,0,250,82,4,bust
118,heuristic_shop,triumvirate,spark,1,0,lesser_trial,0,250,388,3,clear
118,heuristic_shop,triumvirate,spark,1,1,greater_trial,0,750,164,4,bust
119,heuristic_shop,triumvirate,spark,1,0,lesser_trial,0,250,119,4,bust
120,heuristic_shop,triumvirate,spark,1,0,lesser_trial,0,250,187,4,bust
101,heuristic_shop,triumvirate,ember,1,0,lesser_trial,0,300,12,3,bust
102,heuristic_shop,triumvirate,ember,1,0,lesser_trial,0,300,89,3,bust
103,heuristic_shop,triumvirate,ember,1,0,lesser_trial,0,300,83,3,bust
104,heuristic_shop,triumvirate,ember,1,0,lesser_trial,0,300,73,3,bust
105,heuristic_shop,triumvirate,ember,1,0,lesser_trial,0,300,209,3,bust
106,heuristic_shop,triumvirate,ember,1,0,lesser_trial,0,300,278,3,bust
107,heuristic_shop,triumvirate,ember,1,0,lesser_trial,0,300,44,3,bust
108,heuristic_shop,triumvirate,ember,1,0,lesser_trial,0,300,353,2,clear
108,heuristic_shop,triumvirate,ember,1,1,greater_trial,0,900,247,3,bust
109,heuristic_shop,triumvirate,ember,1,0,lesser_trial,0,300,233,3,bust
110,heuristic_shop,triumvirate,ember,1,0,lesser_trial,0,300,45,3,bust
111,heuristic_shop,triumvirate,ember,1,0,lesser_trial,0,300,46,3,bust
112,heuristic_shop,triumvirate,ember,1,0,lesser_trial,0,300,122,3,bust
113,heuristic_shop,triumvirate,ember,1,0,lesser_trial,0,300,330,1,clear
113,heuristic_shop,triumvirate,ember,1,1,greater_trial,0,900,87,3,bust
114,heuristic_shop,triumvirate,ember,1,0,lesser_trial,0,300,156,3,bust
115,heuristic_shop,triumvirate,ember,1,0,lesser_trial,0,300,313,2,clear
115,heuristic_shop,triumvirate,ember,1,1,greater_trial,0,900,458,3,bust
116,heuristic_shop,triumvirate,ember,1,0,lesser_trial,0,300,59,3,bust
117,heuristic_shop,triumvirate,ember,1,0,lesser_trial,0,300,68,3,bust
118,heuristic_shop,triumvirate,ember,1,0,lesser_trial,0,300,246,3,bust
119,heuristic_shop,triumvirate,ember,1,0,lesser_trial,0,300,101,3,bust
120,heuristic_shop,triumvirate,ember,1,0,lesser_trial,0,300,54,3,bust
101,heuristic_shop,triumvirate,pyre,1,0,lesser_trial,0,300,82,3,bust
102,heuristic_shop,triumvirate,pyre,1,0,lesser_trial,0,300,85,3,bust
103,heuristic_shop,triumvirate,pyre,1,0,lesser_trial,0,300,49,3,bust
104,heuristic_shop,triumvirate,pyre,1,0,lesser_trial,0,300,44,3,bust
105,heuristic_shop,triumvirate,pyre,1,0,lesser_trial,0,300,71,3,bust
106,heuristic_shop,triumvirate,pyre,1,0,lesser_trial,0,300,229,3,bust
107,heuristic_shop,triumvirate,pyre,1,0,lesser_trial,0,300,46,3,bust
108,heuristic_shop,triumvirate,pyre,1,0,lesser_trial,0,300,65,3,bust
109,heuristic_shop,triumvirate,pyre,1,0,lesser_trial,0,300,76,3,bust
110,heuristic_shop,triumvirate,pyre,1,0,lesser_trial,0,300,47,3,bust
111,heuristic_shop,triumvirate,pyre,1,0,lesser_trial,0,300,55,3,bust
112,heuristic_shop,triumvirate,pyre,1,0,lesser_trial,0,300,86,3,bust
113,heuristic_shop,triumvirate,pyre,1,0,lesser_trial,0,300,93,3,bust
114,heuristic_shop,triumvirate,pyre,1,0,lesser_trial,0,300,79,3,bust
115,heuristic_shop,triumvirate,pyre,1,0,lesser_trial,0,300,106,3,bust
116,heuristic_shop,triumvirate,pyre,1,0,lesser_trial,0,300,128,3,bust
117,heuristic_shop,triumvirate,pyre,1,0,lesser_trial,0,300,99,3,bust
118,heuristic_shop,triumvirate,pyre,1,0,lesser_trial,0,300,217,3,bust
119,heuristic_shop,triumvirate,pyre,1,0,lesser_trial,0,300,441,2,clear
119,heuristic_shop,triumvirate,pyre,1,1,greater_trial,0,900,108,3,bust
120,heuristic_shop,triumvirate,pyre,1,0,lesser_trial,0,300,118,3,bust
101,heuristic_shop,triumvirate,beacon,1,0,lesser_trial,0,325,82,3,bust
102,heuristic_shop,triumvirate,beacon,1,0,lesser_trial,0,325,85,3,bust
103,heuristic_shop,triumvirate,beacon,1,0,lesser_trial,0,325,49,3,bust
104,heuristic_shop,triumvirate,beacon,1,0,lesser_trial,0,325,44,3,bust
105,heuristic_shop,triumvirate,beacon,1,0,lesser_trial,0,325,71,3,bust
106,heuristic_shop,triumvirate,beacon,1,0,lesser_trial,0,325,229,3,bust
107,heuristic_shop,triumvirate,beacon,1,0,lesser_trial,0,325,46,3,bust
108,heuristic_shop,triumvirate,beacon,1,0,lesser_trial,0,325,65,3,bust
109,heuristic_shop,triumvirate,beacon,1,0,lesser_trial,0,325,76,3,bust
110,heuristic_shop,triumvirate,beacon,1,0,lesser_trial,0,325,47,3,bust
111,heuristic_shop,triumvirate,beacon,1,0,lesser_trial,0,325,55,3,bust
112,heuristic_shop,triumvirate,beacon,1,0,lesser_trial,0,325,86,3,bust
113,heuristic_shop,triumvirate,beacon,1,0,lesser_trial,0,325,93,3,bust
114,heuristic_shop,triumvirate,beacon,1,0,lesser_trial,0,325,79,3,bust
115,heuristic_shop,triumvirate,beacon,1,0,lesser_trial,0,325,106,3,bust
116,heuristic_shop,triumvirate,beacon,1,0,lesser_trial,0,325,128,3,bust
117,heuristic_shop,triumvirate,beacon,1,0,lesser_trial,0,325,99,3,bust
118,heuristic_shop,triumvirate,beacon,1,0,lesser_trial,0,325,217,3,bust
119,heuristic_shop,triumvirate,beacon,1,0,lesser_trial,0,325,441,2,clear
119,heuristic_shop,triumvirate,beacon,1,1,greater_trial,0,975,108,3,bust
120,heuristic_shop,triumvirate,beacon,1,0,lesser_trial,0,325,118,3,bust
101,heuristic_shop,triumvirate,nova,1,0,lesser_trial,0,363,67,2,bust
102,heuristic_shop,triumvirate,nova,1,0,lesser_trial,0,363,71,2,bust
103,heuristic_shop,triumvirate,nova,1,0,lesser_trial,0,363,26,2,bust
104,heuristic_shop,triumvirate,nova,1,0,lesser_trial,0,363,27,2,bust
105,heuristic_shop,triumvirate,nova,1,0,lesser_trial,0,363,55,2,bust
106,heuristic_shop,triumvirate,nova,1,0,lesser_trial,0,363,182,2,bust
107,heuristic_shop,triumvirate,nova,1,0,lesser_trial,0,363,29,2,bust
108,heuristic_shop,triumvirate,nova,1,0,lesser_trial,0,363,53,2,bust
109,heuristic_shop,triumvirate,nova,1,0,lesser_trial,0,363,59,2,bust
110,heuristic_shop,triumvirate,nova,1,0,lesser_trial,0,363,13,2,bust
111,heuristic_shop,triumvirate,nova,1,0,lesser_trial,0,363,38,2,bust
112,heuristic_shop,triumvirate,nova,1,0,lesser_trial,0,363,52,2,bust
113,heuristic_shop,triumvirate,nova,1,0,lesser_trial,0,363,78,2,bust
114,heuristic_shop,triumvirate,nova,1,0,lesser_trial,0,363,69,2,bust
115,heuristic_shop,triumvirate,nova,1,0,lesser_trial,0,363,93,2,bust
116,heuristic_shop,triumvirate,nova,1,0,lesser_trial,0,363,111,2,bust
117,heuristic_shop,triumvirate,nova,1,0,lesser_trial,0,363,30,2,bust
118,heuristic_shop,triumvirate,nova,1,0,lesser_trial,0,363,174,2,bust
119,heuristic_shop,triumvirate,nova,1,0,lesser_trial,0,363,93,2,bust
120,heuristic_shop,triumvirate,nova,1,0,lesser_trial,0,363,44,2,bust
101,heuristic_shop,triumvirate,supernova,1,0,lesser_trial,0,400,67,2,bust
102,heuristic_shop,triumvirate,supernova,1,0,lesser_trial,0,400,71,2,bust
103,heuristic_shop,triumvirate,supernova,1,0,lesser_trial,0,400,26,2,bust
104,heuristic_shop,triumvirate,supernova,1,0,lesser_trial,0,400,27,2,bust
105,heuristic_shop,triumvirate,supernova,1,0,lesser_trial,0,400,55,2,bust
106,heuristic_shop,triumvirate,supernova,1,0,lesser_trial,0,400,182,2,bust
107,heuristic_shop,triumvirate,supernova,1,0,lesser_trial,0,400,29,2,bust
108,heuristic_shop,triumvirate,supernova,1,0,lesser_trial,0,400,53,2,bust
109,heuristic_shop,triumvirate,supernova,1,0,lesser_trial,0,400,59,2,bust
110,heuristic_shop,triumvirate,supernova,1,0,lesser_trial,0,400,13,2,bust
111,heuristic_shop,triumvirate,supernova,1,0,lesser_trial,0,400,38,2,bust
112,heuristic_shop,triumvirate,supernova,1,0,lesser_trial,0,400,52,2,bust
113,heuristic_shop,triumvirate,supernova,1,0,lesser_trial,0,400,78,2,bust
114,heuristic_shop,triumvirate,supernova,1,0,lesser_trial,0,400,69,2,bust
115,heuristic_shop,triumvirate,supernova,1,0,lesser_trial,0,400,93,2,bust
116,heuristic_shop,triumvirate,supernova,1,0,lesser_trial,0,400,111,2,bust
117,heuristic_shop,triumvirate,supernova,1,0,lesser_trial,0,400,30,2,bust
118,heuristic_shop,triumvirate,supernova,1,0,lesser_trial,0,400,174,2,bust
119,heuristic_shop,triumvirate,supernova,1,0,lesser_trial,0,400,93,2,bust
120,heuristic_shop,triumvirate,supernova,1,0,lesser_trial,0,400,44,2,bust
101,heuristic_shop,argo,spark,1,0,lesser_trial,0,250,30,4,bust
102,heuristic_shop,argo,spark,1,0,lesser_trial,0,250,253,4,clear
102,heuristic_shop,argo,spark,1,1,greater_trial,0,750,203,4,bust
103,heuristic_shop,argo,spark,1,0,lesser_trial,0,250,154,4,bust
104,heuristic_shop,argo,spark,1,0,lesser_trial,0,250,105,4,bust
105,heuristic_shop,argo,spark,1,0,lesser_trial,0,250,255,3,clear
105,heuristic_shop,argo,spark,1,1,greater_trial,0,750,305,4,bust
106,heuristic_shop,argo,spark,1,0,lesser_trial,0,250,320,4,clear
106,heuristic_shop,argo,spark,1,1,greater_trial,0,750,375,4,bust
107,heuristic_shop,argo,spark,1,0,lesser_trial,0,250,114,4,bust
108,heuristic_shop,argo,spark,1,0,lesser_trial,0,250,136,4,bust
109,heuristic_shop,argo,spark,1,0,lesser_trial,0,250,288,4,clear
109,heuristic_shop,argo,spark,1,1,greater_trial,0,750,209,4,bust
110,heuristic_shop,argo,spark,1,0,lesser_trial,0,250,67,4,bust
111,heuristic_shop,argo,spark,1,0,lesser_trial,0,250,157,4,bust
112,heuristic_shop,argo,spark,1,0,lesser_trial,0,250,182,4,bust
113,heuristic_shop,argo,spark,1,0,lesser_trial,0,250,211,4,bust
114,heuristic_shop,argo,spark,1,0,lesser_trial,0,250,269,4,clear
114,heuristic_shop,argo,spark,1,1,greater_trial,0,750,276,4,bust
115,heuristic_shop,argo,spark,1,0,lesser_trial,0,250,159,4,bust
116,heuristic_shop,argo,spark,1,0,lesser_trial,0,250,84,4,bust
117,heuristic_shop,argo,spark,1,0,lesser_trial,0,250,207,4,bust
118,heuristic_shop,argo,spark,1,0,lesser_trial,0,250,285,3,clear
118,heuristic_shop,argo,spark,1,1,greater_trial,0,750,407,4,bust
119,heuristic_shop,argo,spark,1,0,lesser_trial,0,250,234,4,bust
120,heuristic_shop,argo,spark,1,0,lesser_trial,0,250,198,4,bust
101,heuristic_shop,argo,ember,1,0,lesser_trial,0,300,21,3,bust
102,heuristic_shop,argo,ember,1,0,lesser_trial,0,300,127,3,bust
103,heuristic_shop,argo,ember,1,0,lesser_trial,0,300,150,3,bust
104,heuristic_shop,argo,ember,1,0,lesser_trial,0,300,57,3,bust
105,heuristic_shop,argo,ember,1,0,lesser_trial,0,300,285,3,bust
106,heuristic_shop,argo,ember,1,0,lesser_trial,0,300,219,3,bust
107,heuristic_shop,argo,ember,1,0,lesser_trial,0,300,79,3,bust
108,heuristic_shop,argo,ember,1,0,lesser_trial,0,300,72,3,bust
109,heuristic_shop,argo,ember,1,0,lesser_trial,0,300,236,3,bust
110,heuristic_shop,argo,ember,1,0,lesser_trial,0,300,32,3,bust
111,heuristic_shop,argo,ember,1,0,lesser_trial,0,300,129,3,bust
112,heuristic_shop,argo,ember,1,0,lesser_trial,0,300,130,3,bust
113,heuristic_shop,argo,ember,1,0,lesser_trial,0,300,195,3,bust
114,heuristic_shop,argo,ember,1,0,lesser_trial,0,300,197,3,bust
115,heuristic_shop,argo,ember,1,0,lesser_trial,0,300,39,3,bust
116,heuristic_shop,argo,ember,1,0,lesser_trial,0,300,61,3,bust
117,heuristic_shop,argo,ember,1,0,lesser_trial,0,300,123,3,bust
118,heuristic_shop,argo,ember,1,0,lesser_trial,0,300,285,3,bust
119,heuristic_shop,argo,ember,1,0,lesser_trial,0,300,134,3,bust
120,heuristic_shop,argo,ember,1,0,lesser_trial,0,300,67,3,bust
101,heuristic_shop,argo,pyre,1,0,lesser_trial,0,300,111,3,bust
102,heuristic_shop,argo,pyre,1,0,lesser_trial,0,300,112,3,bust
103,heuristic_shop,argo,pyre,1,0,lesser_trial,0,300,98,3,bust
104,heuristic_shop,argo,pyre,1,0,lesser_trial,0,300,83,3,bust
105,heuristic_shop,argo,pyre,1,0,lesser_trial,0,300,160,3,bust
106,heuristic_shop,argo,pyre,1,0,lesser_trial,0,300,261,3,bust
107,heuristic_shop,argo,pyre,1,0,lesser_trial,0,300,83,3,bust
108,heuristic_shop,argo,pyre,1,0,lesser_trial,0,300,89,3,bust
109,heuristic_shop,argo,pyre,1,0,lesser_trial,0,300,110,3,bust
110,heuristic_shop,argo,pyre,1,0,lesser_trial,0,300,44,3,bust
111,heuristic_shop,argo,pyre,1,0,lesser_trial,0,300,169,3,bust
112,heuristic_shop,argo,pyre,1,0,lesser_trial,0,300,79,3,bust
113,heuristic_shop,argo,pyre,1,0,lesser_trial,0,300,158,3,bust
114,heuristic_shop,argo,pyre,1,0,lesser_trial,0,300,123,3,bust
115,heuristic_shop,argo,pyre,1,0,lesser_trial,0,300,81,3,bust
116,heuristic_shop,argo,pyre,1,0,lesser_trial,0,300,143,3,bust
117,heuristic_shop,argo,pyre,1,0,lesser_trial,0,300,137,3,bust
118,heuristic_shop,argo,pyre,1,0,lesser_trial,0,300,199,3,bust
119,heuristic_shop,argo,pyre,1,0,lesser_trial,0,300,106,3,bust
120,heuristic_shop,argo,pyre,1,0,lesser_trial,0,300,153,3,bust
101,heuristic_shop,argo,beacon,1,0,lesser_trial,0,325,111,3,bust
102,heuristic_shop,argo,beacon,1,0,lesser_trial,0,325,112,3,bust
103,heuristic_shop,argo,beacon,1,0,lesser_trial,0,325,98,3,bust
104,heuristic_shop,argo,beacon,1,0,lesser_trial,0,325,83,3,bust
105,heuristic_shop,argo,beacon,1,0,lesser_trial,0,325,160,3,bust
106,heuristic_shop,argo,beacon,1,0,lesser_trial,0,325,261,3,bust
107,heuristic_shop,argo,beacon,1,0,lesser_trial,0,325,83,3,bust
108,heuristic_shop,argo,beacon,1,0,lesser_trial,0,325,89,3,bust
109,heuristic_shop,argo,beacon,1,0,lesser_trial,0,325,110,3,bust
110,heuristic_shop,argo,beacon,1,0,lesser_trial,0,325,44,3,bust
111,heuristic_shop,argo,beacon,1,0,lesser_trial,0,325,169,3,bust
112,heuristic_shop,argo,beacon,1,0,lesser_trial,0,325,79,3,bust
113,heuristic_shop,argo,beacon,1,0,lesser_trial,0,325,158,3,bust
114,heuristic_shop,argo,beacon,1,0,lesser_trial,0,325,123,3,bust
115,heuristic_shop,argo,beacon,1,0,lesser_trial,0,325,81,3,bust
116,heuristic_shop,argo,beacon,1,0,lesser_trial,0,325,143,3,bust
117,heuristic_shop,argo,beacon,1,0,lesser_trial,0,325,137,3,bust
118,heuristic_shop,argo,beacon,1,0,lesser_trial,0,325,199,3,bust
119,heuristic_shop,argo,beacon,1,0,lesser_trial,0,325,106,3,bust
120,heuristic_shop,argo,beacon,1,0,lesser_trial,0,325,153,3,bust
101,heuristic_shop,argo,nova,1,0,lesser_trial,0,363,91,2,bust
102,heuristic_shop,argo,nova,1,0,lesser_trial,0,363,67,2,bust
103,heuristic_shop,argo,nova,1,0,lesser_trial,0,363,43,2,bust
104,heuristic_shop,argo,nova,1,0,lesser_trial,0,363,53,2,bust
105,heuristic_shop,argo,nova,1,0,lesser_trial,0,363,136,2,bust
106,heuristic_shop,argo,nova,1,0,lesser_trial,0,363,151,2,bust
107,heuristic_shop,argo,nova,1,0,lesser_trial,0,363,56,2,bust
108,heuristic_shop,argo,nova,1,0,lesser_trial,0,363,97,2,bust
109,heuristic_shop,argo,nova,1,0,lesser_trial,0,363,45,2,bust
110,heuristic_shop,argo,nova,1,0,lesser_trial,0,363,34,2,bust
111,heuristic_shop,argo,nova,1,0,lesser_trial,0,363,135,2,bust
112,heuristic_shop,argo,nova,1,0,lesser_trial,0,363,64,2,bust
113,heuristic_shop,argo,nova,1,0,lesser_trial,0,363,107,2,bust
114,heuristic_shop,argo,nova,1,0,lesser_trial,0,363,106,2,bust
115,heuristic_shop,argo,nova,1,0,lesser_trial,0,363,40,2,bust
116,heuristic_shop,argo,nova,1,0,lesser_trial,0,363,78,2,bust
117,heuristic_shop,argo,nova,1,0,lesser_trial,0,363,62,2,bust
118,heuristic_shop,argo,nova,1,0,lesser_trial,0,363,124,2,bust
119,heuristic_shop,argo,nova,1,0,lesser_trial,0,363,65,2,bust
120,heuristic_shop,argo,nova,1,0,lesser_trial,0,363,45,2,bust
101,heuristic_shop,argo,supernova,1,0,lesser_trial,0,400,91,2,bust
102,heuristic_shop,argo,supernova,1,0,lesser_trial,0,400,67,2,bust
103,heuristic_shop,argo,supernova,1,0,lesser_trial,0,400,43,2,bust
104,heuristic_shop,argo,supernova,1,0,lesser_trial,0,400,53,2,bust
105,heuristic_shop,argo,supernova,1,0,lesser_trial,0,400,136,2,bust
106,heuristic_shop,argo,supernova,1,0,lesser_trial,0,400,151,2,bust
107,heuristic_shop,argo,supernova,1,0,lesser_trial,0,400,56,2,bust
108,heuristic_shop,argo,supernova,1,0,lesser_trial,0,400,97,2,bust
109,heuristic_shop,argo,supernova,1,0,lesser_trial,0,400,45,2,bust
110,heuristic_shop,argo,supernova,1,0,lesser_trial,0,400,34,2,bust
111,heuristic_shop,argo,supernova,1,0,lesser_trial,0,400,135,2,bust
112,heuristic_shop,argo,supernova,1,0,lesser_trial,0,400,64,2,bust
113,heuristic_shop,argo,supernova,1,0,lesser_trial,0,400,107,2,bust
114,heuristic_shop,argo,supernova,1,0,lesser_trial,0,400,106,2,bust
115,heuristic_shop,argo,supernova,1,0,lesser_trial,0,400,40,2,bust
116,heuristic_shop,argo,supernova,1,0,lesser_trial,0,400,78,2,bust
117,heuristic_shop,argo,supernova,1,0,lesser_trial,0,400,62,2,bust
118,heuristic_shop,argo,supernova,1,0,lesser_trial,0,400,124,2,bust
119,heuristic_shop,argo,supernova,1,0,lesser_trial,0,400,65,2,bust
120,heuristic_shop,argo,supernova,1,0,lesser_trial,0,400,45,2,bust
101,heuristic_shop,fibonacci,spark,1,0,lesser_trial,0,250,321,3,clear
101,heuristic_shop,fibonacci,spark,1,1,greater_trial,0,750,711,4,bust
102,heuristic_shop,fibonacci,spark,1,0,lesser_trial,0,250,270,1,clear
102,heuristic_shop,fibonacci,spark,1,1,greater_trial,0,750,768,1,clear
102,heuristic_shop,fibonacci,spark,1,2,ceres,1,1600,1958,4,clear
102,heuristic_shop,fibonacci,spark,2,3,lesser_trial,0,700,1184,2,clear
102,heuristic_shop,fibonacci,spark,2,4,greater_trial,0,1650,2060,3,clear
102,heuristic_shop,fibonacci,spark,2,5,phobos,1,3600,4872,3,clear
102,heuristic_shop,fibonacci,spark,3,6,lesser_trial,0,1500,2657,2,clear
102,heuristic_shop,fibonacci,spark,3,7,greater_trial,0,3750,18612,2,clear
102,heuristic_shop,fibonacci,spark,3,8,sedna,1,8000,4362,4,bust
103,heuristic_shop,fibonacci,spark,1,0,lesser_trial,0,250,386,2,clear
103,heuristic_shop,fibonacci,spark,1,1,greater_trial,0,750,1152,1,clear
104,heuristic_shop,fibonacci,spark,1,0,lesser_trial,0,250,768,1,clear
104,heuristic_shop,fibonacci,spark,1,1,greater_trial,0,750,681,4,bust
105,heuristic_shop,fibonacci,spark,1,0,lesser_trial,0,250,503,2,clear
105,heuristic_shop,fibonacci,spark,1,1,greater_trial,0,750,768,1,clear
106,heuristic_shop,fibonacci,spark,1,0,lesser_trial,0,250,1128,1,clear
106,heuristic_shop,fibonacci,spark,1,1,greater_trial,0,750,768,1,clear
106,heuristic_shop,fibonacci,spark,1,2,charon,1,1600,1728,2,clear
106,heuristic_shop,fibonacci,spark,2,3,lesser_trial,0,700,768,1,clear
106,heuristic_shop,fibonacci,spark,2,4,greater_trial,0,1650,1869,3,clear
106,heuristic_shop,fibonacci,spark,2,5,eris,1,3600,2291,5,bust
107,heuristic_shop,fibonacci,spark,1,0,lesser_trial,0,250,431,2,clear
107,heuristic_shop,fibonacci,spark,1,1,greater_trial,0,750,3045,2,clear
107,heuristic_shop,fibonacci,spark,1,2,callisto,1,1600,1806,3,clear
107,heuristic_shop,fibonacci,spark,2,3,lesser_trial,0,700,865,2,clear
107,heuristic_shop,fibonacci,spark,2,4,greater_trial,0,1650,3975,3,clear
108,heuristic_shop,fibonacci,spark,1,0,lesser_trial,0,250,405,2,clear
108,heuristic_shop,fibonacci,spark,1,1,greater_trial,0,750,1104,1,clear
109,heuristic_shop,fibonacci,spark,1,0,lesser_trial,0,250,864,1,clear
109,heuristic_shop,fibonacci,spark,1,1,greater_trial,0,750,1576,3,clear
109,heuristic_shop,fibonacci,spark,1,2,phobos,1,1600,1728,2,clear
109,heuristic_shop,fibonacci,spark,2,3,lesser_trial,0,700,769,2,clear
109,heuristic_shop,fibonacci,spark,2,4,greater_trial,0,1650,2000,2,clear
109,heuristic_shop,fibonacci,spark,2,5,ceres,1,3600,3002,4,bust
110,heuristic_shop,fibonacci,spark,1,0,lesser_trial,0,250,408,1,clear
110,heuristic_shop,fibonacci,spark,1,1,greater_trial,0,750,1542,3,clear
110,heuristic_shop,fibonacci,spark,1,2,pluto,1,1600,1138,4,bust
111,heuristic_shop,fibonacci,spark,1,0,lesser_trial,0,250,1112,2,clear
111,heuristic_shop,fibonacci,spark,1,1,greater_trial,0,750,960,1,clear
111,heuristic_shop,fibonacci,spark,1,2,eris,1,1600,1476,5,bust
112,heuristic_shop,fibonacci,spark,1,0,lesser_trial,0,250,270,1,clear
112,heuristic_shop,fibonacci,spark,1,1,greater_trial,0,750,960,1,clear
112,heuristic_shop,fibonacci,spark,1,2,charon,1,1600,929,4,bust
113,heuristic_shop,fibonacci,spark,1,0,lesser_trial,0,250,386,2,clear
113,heuristic_shop,fibonacci,spark,1,1,greater_trial,0,750,2100,1,clear
113,heuristic_shop,fibonacci,spark,1,2,callisto,1,1600,5505,3,clear
113,heuristic_shop,fibonacci,spark,2,3,lesser_trial,0,700,979,4,clear
113,heuristic_shop,fibonacci,spark,2,4,greater_trial,0,1650,2370,3,clear
113,heuristic_shop,fibonacci,spark,2,5,ceres,1,3600,3897,4,clear
113,heuristic_shop,fibonacci,spark,3,6,lesser_trial,0,1500,2009,1,clear
113,heuristic_shop,fibonacci,spark,3,7,greater_trial,0,3750,4690,1,clear
113,heuristic_shop,fibonacci,spark,3,8,charon,1,8000,8066,4,clear
113,heuristic_shop,fibonacci,spark,4,9,lesser_trial,0,4500,32723,1,clear
113,heuristic_shop,fibonacci,spark,4,10,greater_trial,0,9750,19266,2,clear
114,heuristic_shop,fibonacci,spark,1,0,lesser_trial,0,250,503,2,clear
114,heuristic_shop,fibonacci,spark,1,1,greater_trial,0,750,1305,2,clear
114,heuristic_shop,fibonacci,spark,1,2,eris,1,1600,2353,3,clear
114,heuristic_shop,fibonacci,spark,2,3,lesser_trial,0,700,776,3,clear
114,heuristic_shop,fibonacci,spark,2,4,greater_trial,0,1650,945,4,bust
115,heuristic_shop,fibonacci,spark,1,0,lesser_trial,0,250,1140,2,clear
115,heuristic_shop,fibonacci,spark,1,1,greater_trial,0,750,946,3,clear
115,heuristic_shop,fibonacci,spark,1,2,charon,1,1600,1237,5,bust
116,heuristic_shop,fibonacci,spark,1,0,lesser_trial,0,250,409,2,clear
116,heuristic_shop,fibonacci,spark,1,1,greater_trial,0,750,955,3,clear
117,heuristic_shop,fibonacci,spark,1,0,lesser_trial,0,250,980,3,clear
117,heuristic_shop,fibonacci,spark,1,1,greater_trial,0,750,1852,2,clear
117,heuristic_shop,fibonacci,spark,1,2,eris,1,1600,2459,2,clear
117,heuristic_shop,fibonacci,spark,2,3,lesser_trial,0,700,4575,1,clear
117,heuristic_shop,fibonacci,spark,2,4,greater_trial,0,1650,2034,1,clear
117,heuristic_shop,fibonacci,spark,2,5,pluto,1,3600,8054,2,clear
117,heuristic_shop,fibonacci,spark,3,6,lesser_trial,0,1500,2585,2,clear
117,heuristic_shop,fibonacci,spark,3,7,greater_trial,0,3750,7609,2,clear
117,heuristic_shop,fibonacci,spark,3,8,pluto,1,8000,6736,4,bust
118,heuristic_shop,fibonacci,spark,1,0,lesser_trial,0,250,2220,3,clear
118,heuristic_shop,fibonacci,spark,1,1,greater_trial,0,750,1125,2,clear
118,heuristic_shop,fibonacci,spark,1,2,callisto,1,1600,989,4,bust
119,heuristic_shop,fibonacci,spark,1,0,lesser_trial,0,250,475,3,clear
119,heuristic_shop,fibonacci,spark,1,1,greater_trial,0,750,1152,1,clear
119,heuristic_shop,fibonacci,spark,1,2,pluto,1,1600,1688,2,clear
119,heuristic_shop,fibonacci,spark,2,3,lesser_trial,0,700,1048,3,clear
119,heuristic_shop,fibonacci,spark,2,4,greater_trial,0,1650,1540,4,bust
120,heuristic_shop,fibonacci,spark,1,0,lesser_trial,0,250,371,2,clear
120,heuristic_shop,fibonacci,spark,1,1,greater_trial,0,750,1130,1,clear
101,heuristic_shop,fibonacci,ember,1,0,lesser_trial,0,300,321,3,clear
101,heuristic_shop,fibonacci,ember,1,1,greater_trial,0,900,679,3,bust
102,heuristic_shop,fibonacci,ember,1,0,lesser_trial,0,300,1230,2,clear
102,heuristic_shop,fibonacci,ember,1,1,greater_trial,0,900,694,3,bust
103,heuristic_shop,fibonacci,ember,1,0,lesser_trial,0,300,386,2,clear
103,heuristic_shop,fibonacci,ember,1,1,greater_trial,0,900,1152,1,clear
104,heuristic_shop,fibonacci,ember,1,0,lesser_trial,0,300,768,1,clear
104,heuristic_shop,fibonacci,ember,1,1,greater_trial,0,900,572,3,bust
105,heuristic_shop,fibonacci,ember,1,0,lesser_trial,0,300,570,2,clear
105,heuristic_shop,fibonacci,ember,1,1,greater_trial,0,900,1728,2,clear
106,heuristic_shop,fibonacci,ember,1,0,lesser_trial,0,300,1128,1,clear
106,heuristic_shop,fibonacci,ember,1,1,greater_trial,0,900,948,2,clear
106,heuristic_shop,fibonacci,ember,1,2,charon,1,1920,1003,3,bust
107,heuristic_shop,fibonacci,ember,1,0,lesser_trial,0,300,431,2,clear
107,heuristic_shop,fibonacci,ember,1,1,greater_trial,0,900,3045,2,clear
107,heuristic_shop,fibonacci,ember,1,2,callisto,1,1920,1046,3,bust
108,heuristic_shop,fibonacci,ember,1,0,lesser_trial,0,300,405,2,clear
108,heuristic_shop,fibonacci,ember,1,1,greater_trial,0,900,1104,1,clear
109,heuristic_shop,fibonacci,ember,1,0,lesser_trial,0,300,864,1,clear
109,heuristic_shop,fibonacci,ember,1,1,greater_trial,0,900,507,3,bust
110,heuristic_shop,fibonacci,ember,1,0,lesser_trial,0,300,408,1,clear
110,heuristic_shop,fibonacci,ember,1,1,greater_trial,0,900,761,3,bust
111,heuristic_shop,fibonacci,ember,1,0,lesser_trial,0,300,1112,2,clear
111,heuristic_shop,fibonacci,ember,1,1,greater_trial,0,900,960,1,clear
111,heuristic_shop,fibonacci,ember,1,2,eris,1,1920,752,3,bust
112,heuristic_shop,fibonacci,ember,1,0,lesser_trial,0,300,1350,2,clear
112,heuristic_shop,fibonacci,ember,1,1,greater_trial,0,900,389,3,bust
113,heuristic_shop,fibonacci,ember,1,0,lesser_trial,0,300,386,2,clear
113,heuristic_shop,fibonacci,ember,1,1,greater_trial,0,900,2100,1,clear
113,heuristic_shop,fibonacci,ember,1,2,callisto,1,1920,1575,3,bust
114,heuristic_shop,fibonacci,ember,1,0,lesser_trial,0,300,503,2,clear
114,heuristic_shop,fibonacci,ember,1,1,greater_trial,0,900,1305,2,clear
114,heuristic_shop,fibonacci,ember,1,2,eris,1,1920,457,3,bust
115,heuristic_shop,fibonacci,ember,1,0,lesser_trial,0,300,1140,2,clear
115,heuristic_shop,fibonacci,ember,1,1,greater_trial,0,900,636,3,bust
116,heuristic_shop,fibonacci,ember,1,0,lesser_trial,0,300,409,2,clear
116,heuristic_shop,fibonacci,ember,1,1,greater_trial,0,900,519,3,bust
117,heuristic_shop,fibonacci,ember,1,0,lesser_trial,0,300,236,3,bust
118,heuristic_shop,fibonacci,ember,1,0,lesser_trial,0,300,366,3,clear
118,heuristic_shop,fibonacci,ember,1,1,greater_trial,0,900,988,2,clear
118,heuristic_shop,fibonacci,ember,1,2,callisto,1,1920,433,3,bust
119,heuristic_shop,fibonacci,ember,1,0,lesser_trial,0,300,257,3,bust
120,heuristic_shop,fibonacci,ember,1,0,lesser_trial,0,300,371,2,clear
120,heuristic_shop,fibonacci,ember,1,1,greater_trial,0,900,1130,1,clear
101,heuristic_shop,fibonacci,pyre,1,0,lesser_trial,0,300,272,3,bust
102,heuristic_shop,fibonacci,pyre,1,0,lesser_trial,0,300,1230,2,clear
102,heuristic_shop,fibonacci,pyre,1,1,greater_trial,0,900,498,3,bust
103,heuristic_shop,fibonacci,pyre,1,0,lesser_trial,0,300,988,2,clear
103,heuristic_shop,fibonacci,pyre,1,1,greater_trial,0,900,581,3,bust
104,heuristic_shop,fibonacci,pyre,1,0,lesser_trial,0,300,257,3,bust
105,heuristic_shop,fibonacci,pyre,1,0,lesser_trial,0,300,520,3,clear
105,heuristic_shop,fibonacci,pyre,1,1,greater_trial,0,900,1728,2,clear
106,heuristic_shop,fibonacci,pyre,1,0,lesser_trial,0,300,1128,1,clear
106,heuristic_shop,fibonacci,pyre,1,1,greater_trial,0,900,470,3,bust
107,heuristic_shop,fibonacci,pyre,1,0,lesser_trial,0,300,431,2,clear
107,heuristic_shop,fibonacci,pyre,1,1,greater_trial,0,900,619,3,bust
108,heuristic_shop,fibonacci,pyre,1,0,lesser_trial,0,300,405,2,clear
108,heuristic_shop,fibonacci,pyre,1,1,greater_trial,0,900,728,3,bust
109,heuristic_shop,fibonacci,pyre,1,0,lesser_trial,0,300,864,1,clear
109,heuristic_shop,fibonacci,pyre,1,1,greater_trial,0,900,296,3,bust
110,heuristic_shop,fibonacci,pyre,1,0,lesser_trial,0,300,408,1,clear
110,heuristic_shop,fibonacci,pyre,1,1,greater_trial,0,900,488,3,bust
111,heuristic_shop,fibonacci,pyre,1,0,lesser_trial,0,300,133,3,bust
112,heuristic_shop,fibonacci,pyre,1,0,lesser_trial,0,300,2927,2,clear
112,heuristic_shop,fibonacci,pyre,1,1,greater_trial,0,900,322,3,bust
113,heuristic_shop,fibonacci,pyre,1,0,lesser_trial,0,300,386,2,clear
113,heuristic_shop,fibonacci,pyre,1,1,greater_trial,0,900,3489,2,clear
113,heuristic_shop,fibonacci,pyre,1,2,callisto,1,1920,1575,3,bust
114,heuristic_shop,fibonacci,pyre,1,0,lesser_trial,0,300,503,2,clear
114,heuristic_shop,fibonacci,pyre,1,1,greater_trial,0,900,130,3,bust
115,heuristic_shop,fibonacci,pyre,1,0,lesser_trial,0,300,1140,2,clear
115,heuristic_shop,fibonacci,pyre,1,1,greater_trial,0,900,500,3,bust
116,heuristic_shop,fibonacci,pyre,1,0,lesser_trial,0,300,409,2,clear
116,heuristic_shop,fibonacci,pyre,1,1,greater_trial,0,900,1498,2,clear
116,heuristic_shop,fibonacci,pyre,1,2,triton,1,1920,1463,3,bust
117,heuristic_shop,fibonacci,pyre,1,0,lesser_trial,0,300,236,3,bust
118,heuristic_shop,fibonacci,pyre,1,0,lesser_trial,0,300,331,3,clear
118,heuristic_shop,fibonacci,pyre,1,1,greater_trial,0,900,217,3,bust
119,heuristic_shop,fibonacci,pyre,1,0,lesser_trial,0,300,1365,2,clear
119,heuristic_shop,fibonacci,pyre,1,1,greater_trial,0,900,561,3,bust
120,heuristic_shop,fibonacci,pyre,1,0,lesser_trial,0,300,1125,2,clear
120,heuristic_shop,fibonacci,pyre,1,1,greater_trial,0,900,2113,2,clear
101,heuristic_shop,fibonacci,beacon,1,0,lesser_trial,0,325,272,3,bust
102,heuristic_shop,fibonacci,beacon,1,0,lesser_trial,0,325,1230,2,clear
102,heuristic_shop,fibonacci,beacon,1,1,greater_trial,0,975,498,3,bust
103,heuristic_shop,fibonacci,beacon,1,0,lesser_trial,0,325,988,2,clear
103,heuristic_shop,fibonacci,beacon,1,1,greater_trial,0,975,478,3,bust
104,heuristic_shop,fibonacci,beacon,1,0,lesser_trial,0,325,257,3,bust
105,heuristic_shop,fibonacci,beacon,1,0,lesser_trial,0,325,520,3,clear
105,heuristic_shop,fibonacci,beacon,1,1,greater_trial,0,975,1728,2,clear
106,heuristic_shop,fibonacci,beacon,1,0,lesser_trial,0,325,1128,1,clear
106,heuristic_shop,fibonacci,beacon,1,1,greater_trial,0,975,470,3,bust
107,heuristic_shop,fibonacci,beacon,1,0,lesser_trial,0,325,431,2,clear
107,heuristic_shop,fibonacci,beacon,1,1,greater_trial,0,975,619,3,bust
108,heuristic_shop,fibonacci,beacon,1,0,lesser_trial,0,325,405,2,clear
108,heuristic_shop,fibonacci,beacon,1,1,greater_trial,0,975,728,3,bust
109,heuristic_shop,fibonacci,beacon,1,0,lesser_trial,0,325,864,1,clear
109,heuristic_shop,fibonacci,beacon,1,1,greater_trial,0,975,296,3,bust
110,heuristic_shop,fibonacci,beacon,1,0,lesser_trial,0,325,408,1,clear
110,heuristic_shop,fibonacci,beacon,1,1,greater_trial,0,975,488,3,bust
111,heuristic_shop,fibonacci,beacon,1,0,lesser_trial,0,325,133,3,bust
112,heuristic_shop,fibonacci,beacon,1,0,lesser_trial,0,325,2927,2,clear
112,heuristic_shop,fibonacci,beacon,1,1,greater_trial,0,975,322,3,bust
113,heuristic_shop,fibonacci,beacon,1,0,lesser_trial,0,325,386,2,clear
113,heuristic_shop,fibonacci,beacon,1,1,greater_trial,0,975,3489,2,clear
113,heuristic_shop,fibonacci,beacon,1,2,callisto,1,2080,1575,3,bust
114,heuristic_shop,fibonacci,beacon,1,0,lesser_trial,0,325,503,2,clear
114,heuristic_shop,fibonacci,beacon,1,1,greater_trial,0,975,130,3,bust
115,heuristic_shop,fibonacci,beacon,1,0,lesser_trial,0,325,1140,2,clear
115,heuristic_shop,fibonacci,beacon,1,1,greater_trial,0,975,1040,1,clear
115,heuristic_shop,fibonacci,beacon,1,2,charon,1,2080,700,3,bust
116,heuristic_shop,fibonacci,beacon,1,0,lesser_trial,0,325,409,2,clear
116,heuristic_shop,fibonacci,beacon,1,1,greater_trial,0,975,1498,2,clear
116,heuristic_shop,fibonacci,beacon,1,2,triton,1,2080,1463,3,bust
117,heuristic_shop,fibonacci,beacon,1,0,lesser_trial,0,325,236,3,bust
118,heuristic_shop,fibonacci,beacon,1,0,lesser_trial,0,325,331,3,clear
118,heuristic_shop,fibonacci,beacon,1,1,greater_trial,0,975,217,3,bust
119,heuristic_shop,fibonacci,beacon,1,0,lesser_trial,0,325,1365,2,clear
119,heuristic_shop,fibonacci,beacon,1,1,greater_trial,0,975,477,3,bust
120,heuristic_shop,fibonacci,beacon,1,0,lesser_trial,0,325,1125,2,clear
120,heuristic_shop,fibonacci,beacon,1,1,greater_trial,0,975,2113,2,clear
101,heuristic_shop,fibonacci,nova,1,0,lesser_trial,0,363,272,2,bust
102,heuristic_shop,fibonacci,nova,1,0,lesser_trial,0,363,1230,2,clear
102,heuristic_shop,fibonacci,nova,1,1,greater_trial,0,1088,205,2,bust
103,heuristic_shop,fibonacci,nova,1,0,lesser_trial,0,363,234,2,bust
104,heuristic_shop,fibonacci,nova,1,0,lesser_trial,0,363,205,2,bust
105,heuristic_shop,fibonacci,nova,1,0,lesser_trial,0,363,69,2,bust
106,heuristic_shop,fibonacci,nova,1,0,lesser_trial,0,363,1128,1,clear
106,heuristic_shop,fibonacci,nova,1,1,greater_trial,0,1088,205,2,bust
107,heuristic_shop,fibonacci,nova,1,0,lesser_trial,0,363,431,2,clear
107,heuristic_shop,fibonacci,nova,1,1,greater_trial,0,1088,371,2,bust
108,heuristic_shop,fibonacci,nova,1,0,lesser_trial,0,363,204,2,bust
109,heuristic_shop,fibonacci,nova,1,0,lesser_trial,0,363,864,1,clear
109,heuristic_shop,fibonacci,nova,1,1,greater_trial,0,1088,230,2,bust
110,heuristic_shop,fibonacci,nova,1,0,lesser_trial,0,363,408,1,clear
110,heuristic_shop,fibonacci,nova,1,1,greater_trial,0,1088,97,2,bust
111,heuristic_shop,fibonacci,nova,1,0,lesser_trial,0,363,97,2,bust
112,heuristic_shop,fibonacci,nova,1,0,lesser_trial,0,363,92,2,bust
113,heuristic_shop,fibonacci,nova,1,0,lesser_trial,0,363,386,2,clear
113,heuristic_shop,fibonacci,nova,1,1,greater_trial,0,1088,2300,1,clear
113,heuristic_shop,fibonacci,nova,1,2,callisto,1,2320,82,2,bust
114,heuristic_shop,fibonacci,nova,1,0,lesser_trial,0,363,503,2,clear
114,heuristic_shop,fibonacci,nova,1,1,greater_trial,0,1088,305,2,bust
115,heuristic_shop,fibonacci,nova,1,0,lesser_trial,0,363,1140,2,clear
115,heuristic_shop,fibonacci,nova,1,1,greater_trial,0,1088,1064,2,bust
116,heuristic_shop,fibonacci,nova,1,0,lesser_trial,0,363,409,2,clear
116,heuristic_shop,fibonacci,nova,1,1,greater_trial,0,1088,561,2,bust
117,heuristic_shop,fibonacci,nova,1,0,lesser_trial,0,363,208,2,bust
118,heuristic_shop,fibonacci,nova,1,0,lesser_trial,0,363,205,2,bust
119,heuristic_shop,fibonacci,nova,1,0,lesser_trial,0,363,205,2,bust
120,heuristic_shop,fibonacci,nova,1,0,lesser_trial,0,363,189,2,bust
101,heuristic_shop,fibonacci,supernova,1,0,lesser_trial,0,400,272,2,bust
102,heuristic_shop,fibonacci,supernova,1,0,lesser_trial,0,400,1230,2,clear
102,heuristic_shop,fibonacci,supernova,1,1,greater_trial,0,1200,205,2,bust
103,heuristic_shop,fibonacci,supernova,1,0,lesser_trial,0,400,234,2,bust
104,heuristic_shop,fibonacci,supernova,1,0,lesser_trial,0,400,205,2,bust
105,heuristic_shop,fibonacci,supernova,1,0,lesser_trial,0,400,69,2,bust
106,heuristic_shop,fibonacci,supernova,1,0,lesser_trial,0,400,1128,1,clear
106,heuristic_shop,fibonacci,supernova,1,1,greater_trial,0,1200,205,2,bust
107,heuristic_shop,fibonacci,supernova,1,0,lesser_trial,0,400,431,2,clear
107,heuristic_shop,fibonacci,supernova,1,1,greater_trial,0,1200,371,2,bust
108,heuristic_shop,fibonacci,supernova,1,0,lesser_trial,0,400,204,2,bust
109,heuristic_shop,fibonacci,supernova,1,0,lesser_trial,0,400,864,1,clear
109,heuristic_shop,fibonacci,supernova,1,1,greater_trial,0,1200,212,2,bust
110,heuristic_shop,fibonacci,supernova,1,0,lesser_trial,0,400,408,1,clear
110,heuristic_shop,fibonacci,supernova,1,1,greater_trial,0,1200,97,2,bust
111,heuristic_shop,fibonacci,supernova,1,0,lesser_trial,0,400,97,2,bust
112,heuristic_shop,fibonacci,supernova,1,0,lesser_trial,0,400,92,2,bust
113,heuristic_shop,fibonacci,supernova,1,0,lesser_trial,0,400,386,2,bust
114,heuristic_shop,fibonacci,supernova,1,0,lesser_trial,0,400,503,2,clear
114,heuristic_shop,fibonacci,supernova,1,1,greater_trial,0,1200,305,2,bust
115,heuristic_shop,fibonacci,supernova,1,0,lesser_trial,0,400,1140,2,clear
115,heuristic_shop,fibonacci,supernova,1,1,greater_trial,0,1200,294,2,bust
116,heuristic_shop,fibonacci,supernova,1,0,lesser_trial,0,400,409,2,clear
116,heuristic_shop,fibonacci,supernova,1,1,greater_trial,0,1200,561,2,bust
117,heuristic_shop,fibonacci,supernova,1,0,lesser_trial,0,400,208,2,bust
118,heuristic_shop,fibonacci,supernova,1,0,lesser_trial,0,400,205,2,bust
119,heuristic_shop,fibonacci,supernova,1,0,lesser_trial,0,400,205,2,bust
120,heuristic_shop,fibonacci,supernova,1,0,lesser_trial,0,400,189,2,bust
101,heuristic_shop,eclipse,spark,1,0,lesser_trial,0,250,45,4,bust
102,heuristic_shop,eclipse,spark,1,0,lesser_trial,0,250,293,2,clear
102,heuristic_shop,eclipse,spark,1,1,greater_trial,0,750,788,3,clear
102,heuristic_shop,eclipse,spark,1,2,ceres,1,1600,1750,1,clear
102,heuristic_shop,eclipse,spark,2,3,lesser_trial,0,700,771,2,clear
102,heuristic_shop,eclipse,spark,2,4,greater_trial,0,1650,2044,4,clear
102,heuristic_shop,eclipse,spark,2,5,phobos,1,3600,1966,4,bust
103,heuristic_shop,eclipse,spark,1,0,lesser_trial,0,250,726,2,clear
103,heuristic_shop,eclipse,spark,1,1,greater_trial,0,750,1159,2,clear
103,heuristic_shop,eclipse,spark,1,2,triton,1,1600,2102,2,clear
103,heuristic_shop,eclipse,spark,2,3,lesser_trial,0,700,1103,1,clear
103,heuristic_shop,eclipse,spark,2,4,greater_trial,0,1650,1755,2,clear
103,heuristic_shop,eclipse,spark,2,5,phobos,1,3600,12138,1,clear
103,heuristic_shop,eclipse,spark,3,6,lesser_trial,0,1500,2231,1,clear
103,heuristic_shop,eclipse,spark,3,7,greater_trial,0,3750,29738,1,clear
103,heuristic_shop,eclipse,spark,3,8,triton,1,8000,9505,4,clear
103,heuristic_shop,eclipse,spark,4,9,lesser_trial,0,4500,6689,2,clear
103,heuristic_shop,eclipse,spark,4,10,greater_trial,0,9750,22976,1,clear
103,heuristic_shop,eclipse,spark,4,11,phobos,1,18000,35339,4,clear
104,heuristic_shop,eclipse,spark,1,0,lesser_trial,0,250,263,3,clear
104,heuristic_shop,eclipse,spark,1,1,greater_trial,0,750,505,4,bust
105,heuristic_shop,eclipse,spark,1,0,lesser_trial,0,250,250,4,clear
105,heuristic_shop,eclipse,spark,1,1,greater_trial,0,750,1016,4,clear
105,heuristic_shop,eclipse,spark,1,2,triton,1,1600,1875,4,clear
105,heuristic_shop,eclipse,spark,2,3,lesser_trial,0,700,342,4,bust
106,heuristic_shop,eclipse,spark,1,0,lesser_trial,0,250,254,2,clear
106,heuristic_shop,eclipse,spark,1,1,greater_trial,0,750,429,4,bust
107,heuristic_shop,eclipse,spark,1,0,lesser_trial,0,250,214,4,bust
108,heuristic_shop,eclipse,spark,1,0,lesser_trial,0,250,263,2,clear
108,heuristic_shop,eclipse,spark,1,1,greater_trial,0,750,840,1,clear
108,heuristic_shop,eclipse,spark,1,2,triton,1,1600,2736,1,clear
108,heuristic_shop,eclipse,spark,2,3,lesser_trial,0,700,4062,3,clear
108,heuristic_shop,eclipse,spark,2,4,greater_trial,0,1650,2520,1,clear
108,heuristic_shop,eclipse,spark,2,5,ceres,1,3600,6450,1,clear
108,heuristic_shop,eclipse,spark,3,6,lesser_trial,0,1500,7268,3,clear
108,heuristic_shop,eclipse,spark,3,7,greater_trial,0,3750,2816,4,bust
109,heuristic_shop,eclipse,spark,1,0,lesser_trial,0,250,422,3,clear
109,heuristic_shop,eclipse,spark,1,1,greater_trial,0,750,219,4,bust
110,heuristic_shop,eclipse,spark,1,0,lesser_trial,0,250,472,4,clear
110,heuristic_shop,eclipse,spark,1,1,greater_trial,0,750,420,4,bust
111,heuristic_shop,eclipse,spark,1,0,lesser_trial,0,250,294,3,clear
111,heuristic_shop,eclipse,spark,1,1,greater_trial,0,750,484,4,bust
112,heuristic_shop,eclipse,spark,1,0,lesser_trial,0,250,400,3,clear
112,heuristic_shop,eclipse,spark,1,1,greater_trial,0,750,579,4,bust
113,heuristic_shop,eclipse,spark,1,0,lesser_trial,0,250,263,2,clear
113,heuristic_shop,eclipse,spark,1,1,greater_trial,0,750,924,1,clear
113,heuristic_shop,eclipse,spark,1,2,callisto,1,1600,383,4,bust
114,heuristic_shop,eclipse,spark,1,0,lesser_trial,0,250,663,2,clear
114,heuristic_shop,eclipse,spark,1,1,greater_trial,0,750,480,4,bust
115,heuristic_shop,eclipse,spark,1,0,lesser_trial,0,250,500,1,clear
115,heuristic_shop,eclipse,spark,1,1,greater_trial,0,750,974,4,clear
115,heuristic_shop,eclipse,spark,1,2,charon,1,1600,353,4,bust
116,heuristic_shop,eclipse,spark,1,0,lesser_trial,0,250,422,3,clear
116,heuristic_shop,eclipse,spark,1,1,greater_trial,0,750,1073,3,clear
116,heuristic_shop,eclipse,spark,1,2,triton,1,1600,1812,4,clear
116,heuristic_shop,eclipse,spark,2,3,lesser_trial,0,700,1176,3,clear
116,heuristic_shop,eclipse,spark,2,4,greater_trial,0,1650,3426,3,clear
116,heuristic_shop,eclipse,spark,2,5,callisto,1,3600,481,4,bust
117,heuristic_shop,eclipse,spark,1,0,lesser_trial,0,250,435,2,clear
117,heuristic_shop,eclipse,spark,1,1,greater_trial,0,750,334,4,bust
118,heuristic_shop,eclipse,spark,1,0,lesser_trial,0,250,384,1,clear
118,heuristic_shop,eclipse,spark,1,1,greater_trial,0,750,868,2,clear
118,heuristic_shop,eclipse,spark,1,2,callisto,1,1600,465,4,bust
119,heuristic_shop,eclipse,spark,1,0,lesser_trial,0,250,405,2,clear
119,heuristic_shop,eclipse,spark,1,1,greater_trial,0,750,359,4,bust
120,heuristic_shop,eclipse,spark,1,0,lesser_trial,0,250,263,2,clear
120,heuristic_shop,eclipse,spark,1,1,greater_trial,0,750,750,4,clear
120,heuristic_shop,eclipse,spark,1,2,triton,1,1600,1944,3,clear
120,heuristic_shop,eclipse,spark,2,3,lesser_trial,0,700,8680,1,clear
120,heuristic_shop,eclipse,spark,2,4,greater_trial,0,1650,18360,1,clear
120,heuristic_shop,eclipse,spark,2,5,phobos,1,3600,3870,1,clear
120,heuristic_shop,eclipse,spark,3,6,lesser_trial,0,1500,6690,1,clear
120,heuristic_shop,eclipse,spark,3,7,greater_trial,0,3750,52206,1,clear
120,heuristic_shop,eclipse,spark,3,8,ceres,1,8000,9789,1,clear
120,heuristic_shop,eclipse,spark,4,9,lesser_trial,0,4500,60060,1,clear
120,heuristic_shop,eclipse,spark,4,10,greater_trial,0,9750,60840,1,clear
120,heuristic_shop,eclipse,spark,4,11,charon,1,18000,27312,3,clear
101,heuristic_shop,eclipse,ember,1,0,lesser_trial,0,300,45,3,bust
102,heuristic_shop,eclipse,ember,1,0,lesser_trial,0,300,563,3,clear
102,heuristic_shop,eclipse,ember,1,1,greater_trial,0,900,451,3,bust
103,heuristic_shop,eclipse,ember,1,0,lesser_trial,0,300,726,2,clear
103,heuristic_shop,eclipse,ember,1,1,greater_trial,0,900,1159,2,clear
103,heuristic_shop,eclipse,ember,1,2,triton,1,1920,2102,2,clear
103,heuristic_shop,eclipse,ember,2,3,lesser_trial,0,840,1103,1,clear
103,heuristic_shop,eclipse,ember,2,4,greater_trial,0,1980,2481,3,clear
103,heuristic_shop,eclipse,ember,2,5,phobos,1,4320,11622,2,clear
103,heuristic_shop,eclipse,ember,3,6,lesser_trial,0,1800,2383,3,clear
103,heuristic_shop,eclipse,ember,3,7,greater_trial,0,4500,11970,1,clear
103,heuristic_shop,eclipse,ember,3,8,triton,1,9600,11787,2,clear
103,heuristic_shop,eclipse,ember,4,9,lesser_trial,0,5400,16619,2,clear
103,heuristic_shop,eclipse,ember,4,10,greater_trial,0,11700,13583,1,clear
103,heuristic_shop,eclipse,ember,4,11,phobos,1,21600,14327,3,bust
104,heuristic_shop,eclipse,ember,1,0,lesser_trial,0,300,263,3,bust
105,heuristic_shop,eclipse,ember,1,0,lesser_trial,0,300,167,3,bust
106,heuristic_shop,eclipse,ember,1,0,lesser_trial,0,300,794,3,clear
106,heuristic_shop,eclipse,ember,1,1,greater_trial,0,900,360,3,bust
107,heuristic_shop,eclipse,ember,1,0,lesser_trial,0,300,148,3,bust
108,heuristic_shop,eclipse,ember,1,0,lesser_trial,0,300,301,3,clear
108,heuristic_shop,eclipse,ember,1,1,greater_trial,0,900,912,1,clear
108,heuristic_shop,eclipse,ember,1,2,triton,1,1920,3533,2,clear
108,heuristic_shop,eclipse,ember,2,3,lesser_trial,0,840,2520,1,clear
108,heuristic_shop,eclipse,ember,2,4,greater_trial,0,1980,2520,1,clear
108,heuristic_shop,eclipse,ember,2,5,ceres,1,4320,6450,1,clear
108,heuristic_shop,eclipse,ember,3,6,lesser_trial,0,1800,7268,3,clear
108,heuristic_shop,eclipse,ember,3,7,greater_trial,0,4500,1125,3,bust
109,heuristic_shop,eclipse,ember,1,0,lesser_trial,0,300,422,3,clear
109,heuristic_shop,eclipse,ember,1,1,greater_trial,0,900,153,3,bust
110,heuristic_shop,eclipse,ember,1,0,lesser_trial,0,300,115,3,bust
111,heuristic_shop,eclipse,ember,1,0,lesser_trial,0,300,294,3,bust
112,heuristic_shop,eclipse,ember,1,0,lesser_trial,0,300,400,3,clear
112,heuristic_shop,eclipse,ember,1,1,greater_trial,0,900,298,3,bust
113,heuristic_shop,eclipse,ember,1,0,lesser_trial,0,300,308,3,clear
113,heuristic_shop,eclipse,ember,1,1,greater_trial,0,900,924,1,clear
113,heuristic_shop,eclipse,ember,1,2,callisto,1,1920,287,3,bust
114,heuristic_shop,eclipse,ember,1,0,lesser_trial,0,300,663,2,clear
114,heuristic_shop,eclipse,ember,1,1,greater_trial,0,900,435,3,bust
115,heuristic_shop,eclipse,ember,1,0,lesser_trial,0,300,500,1,clear
115,heuristic_shop,eclipse,ember,1,1,greater_trial,0,900,945,1,clear
115,heuristic_shop,eclipse,ember,1,2,charon,1,1920,973,3,bust
116,heuristic_shop,eclipse,ember,1,0,lesser_trial,0,300,422,3,clear
116,heuristic_shop,eclipse,ember,1,1,greater_trial,0,900,881,3,bust
117,heuristic_shop,eclipse,ember,1,0,lesser_trial,0,300,435,2,clear
117,heuristic_shop,eclipse,ember,1,1,greater_trial,0,900,287,3,bust
118,heuristic_shop,eclipse,ember,1,0,lesser_trial,0,300,384,1,clear
118,heuristic_shop,eclipse,ember,1,1,greater_trial,0,900,913,3,clear
118,heuristic_shop,eclipse,ember,1,2,callisto,1,1920,362,3,bust
119,heuristic_shop,eclipse,ember,1,0,lesser_trial,0,300,405,2,clear
119,heuristic_shop,eclipse,ember,1,1,greater_trial,0,900,321,3,bust
120,heuristic_shop,eclipse,ember,1,0,lesser_trial,0,300,301,3,clear
120,heuristic_shop,eclipse,ember,1,1,greater_trial,0,900,450,3,bust
101,heuristic_shop,eclipse,pyre,1,0,lesser_trial,0,300,45,3,bust
102,heuristic_shop,eclipse,pyre,1,0,lesser_trial,0,300,563,3,clear
102,heuristic_shop,eclipse,pyre,1,1,greater_trial,0,900,451,3,bust
103,heuristic_shop,eclipse,pyre,1,0,lesser_trial,0,300,726,2,clear
103,heuristic_shop,eclipse,pyre,1,1,greater_trial,0,900,1159,2,clear
103,heuristic_shop,eclipse,pyre,1,2,triton,1,1920,2102,2,clear
103,heuristic_shop,eclipse,pyre,2,3,lesser_trial,0,840,1103,1,clear
103,heuristic_shop,eclipse,pyre,2,4,greater_trial,0,1980,2481,3,clear
103,heuristic_shop,eclipse,pyre,2,5,phobos,1,4320,11622,2,clear
103,heuristic_shop,eclipse,pyre,3,6,lesser_trial,0,1800,2383,3,clear
103,heuristic_shop,eclipse,pyre,3,7,greater_trial,0,4500,11970,1,clear
103,heuristic_shop,eclipse,pyre,3,8,triton,1,9600,11787,2,clear
103,heuristic_shop,eclipse,pyre,4,9,lesser_trial,0,5400,16619,2,clear
103,heuristic_shop,eclipse,pyre,4,10,greater_trial,0,11700,13583,1,clear
103,heuristic_shop,eclipse,pyre,4,11,phobos,1,21600,14327,3,bust
104,heuristic_shop,eclipse,pyre,1,0,lesser_trial,0,300,263,3,bust
105,heuristic_shop,eclipse,pyre,1,0,lesser_trial,0,300,167,3,bust
106,heuristic_shop,eclipse,pyre,1,0,lesser_trial,0,300,794,3,clear
106,heuristic_shop,eclipse,pyre,1,1,greater_trial,0,900,360,3,bust
107,heuristic_shop,eclipse,pyre,1,0,lesser_trial,0,300,148,3,bust
108,heuristic_shop,eclipse,pyre,1,0,lesser_trial,0,300,301,3,clear
108,heuristic_shop,eclipse,pyre,1,1,greater_trial,0,900,912,1,clear
108,heuristic_shop,eclipse,pyre,1,2,triton,1,1920,3533,2,clear
108,heuristic_shop,eclipse,pyre,2,3,lesser_trial,0,840,2520,1,clear
108,heuristic_shop,eclipse,pyre,2,4,greater_trial,0,1980,2520,1,clear
108,heuristic_shop,eclipse,pyre,2,5,ceres,1,4320,6450,1,clear
108,heuristic_shop,eclipse,pyre,3,6,lesser_trial,0,1800,7268,3,clear
108,heuristic_shop,eclipse,pyre,3,7,greater_trial,0,4500,1125,3,bust
109,heuristic_shop,eclipse,pyre,1,0,lesser_trial,0,300,422,3,clear
109,heuristic_shop,eclipse,pyre,1,1,greater_trial,0,900,153,3,bust
110,heuristic_shop,eclipse,pyre,1,0,lesser_trial,0,300,115,3,bust
111,heuristic_shop,eclipse,pyre,1,0,lesser_trial,0,300,294,3,bust
112,heuristic_shop,eclipse,pyre,1,0,lesser_trial,0,300,400,3,clear
112,heuristic_shop,eclipse,pyre,1,1,greater_trial,0,900,298,3,bust
113,heuristic_shop,eclipse,pyre,1,0,lesser_trial,0,300,308,3,clear
113,heuristic_shop,eclipse,pyre,1,1,greater_trial,0,900,924,1,clear
113,heuristic_shop,eclipse,pyre,1,2,callisto,1,1920,287,3,bust
114,heuristic_shop,eclipse,pyre,1,0,lesser_trial,0,300,663,2,clear
114,heuristic_shop,eclipse,pyre,1,1,greater_trial,0,900,435,3,bust
115,heuristic_shop,eclipse,pyre,1,0,lesser_trial,0,300,500,1,clear
115,heuristic_shop,eclipse,pyre,1,1,greater_trial,0,900,945,1,clear
115,heuristic_shop,eclipse,pyre,1,2,charon,1,1920,973,3,bust
116,heuristic_shop,eclipse,pyre,1,0,lesser_trial,0,300,422,3,clear
116,heuristic_shop,eclipse,pyre,1,1,greater_trial,0,900,881,3,bust
117,heuristic_shop,eclipse,pyre,1,0,lesser_trial,0,300,435,2,clear
117,heuristic_shop,eclipse,pyre,1,1,greater_trial,0,900,287,3,bust
118,heuristic_shop,eclipse,pyre,1,0,lesser_trial,0,300,384,1,clear
118,heuristic_shop,eclipse,pyre,1,1,greater_trial,0,900,913,3,clear
118,heuristic_shop,eclipse,pyre,1,2,callisto,1,1920,362,3,bust
119,heuristic_shop,eclipse,pyre,1,0,lesser_trial,0,300,405,2,clear
119,heuristic_shop,eclipse,pyre,1,1,greater_trial,0,900,321,3,bust
120,heuristic_shop,eclipse,pyre,1,0,lesser_trial,0,300,301,3,clear
120,heuristic_shop,eclipse,pyre,1,1,greater_trial,0,900,450,3,bust
101,heuristic_shop,eclipse,beacon,1,0,lesser_trial,0,325,45,3,bust
102,heuristic_shop,eclipse,beacon,1,0,lesser_trial,0,325,563,3,clear
102,heuristic_shop,eclipse,beacon,1,1,greater_trial,0,975,150,3,bust
103,heuristic_shop,eclipse,beacon,1,0,lesser_trial,0,325,726,2,clear
103,heuristic_shop,eclipse,beacon,1,1,greater_trial,0,975,1159,2,clear
103,heuristic_shop,eclipse,beacon,1,2,triton,1,2080,2102,2,clear
103,heuristic_shop,eclipse,beacon,2,3,lesser_trial,0,910,6316,2,clear
103,heuristic_shop,eclipse,beacon,2,4,greater_trial,0,2145,2542,2,clear
103,heuristic_shop,eclipse,beacon,2,5,phobos,1,4680,12409,2,clear
103,heuristic_shop,eclipse,beacon,3,6,lesser_trial,0,1950,2495,2,clear
103,heuristic_shop,eclipse,beacon,3,7,greater_trial,0,4875,12409,2,clear
103,heuristic_shop,eclipse,beacon,3,8,triton,1,10400,12574,2,clear
103,heuristic_shop,eclipse,beacon,4,9,lesser_trial,0,5850,17406,2,clear
103,heuristic_shop,eclipse,beacon,4,10,greater_trial,0,12675,15933,1,clear
103,heuristic_shop,eclipse,beacon,4,11,phobos,1,23400,15364,3,bust
104,heuristic_shop,eclipse,beacon,1,0,lesser_trial,0,325,263,3,bust
105,heuristic_shop,eclipse,beacon,1,0,lesser_trial,0,325,167,3,bust
106,heuristic_shop,eclipse,beacon,1,0,lesser_trial,0,325,794,3,clear
106,heuristic_shop,eclipse,beacon,1,1,greater_trial,0,975,150,3,bust
107,heuristic_shop,eclipse,beacon,1,0,lesser_trial,0,325,148,3,bust
108,heuristic_shop,eclipse,beacon,1,0,lesser_trial,0,325,301,3,bust
109,heuristic_shop,eclipse,beacon,1,0,lesser_trial,0,325,422,3,clear
109,heuristic_shop,eclipse,beacon,1,1,greater_trial,0,975,153,3,bust
110,heuristic_shop,eclipse,beacon,1,0,lesser_trial,0,325,115,3,bust
111,heuristic_shop,eclipse,beacon,1,0,lesser_trial,0,325,294,3,bust
112,heuristic_shop,eclipse,beacon,1,0,lesser_trial,0,325,400,3,clear
112,heuristic_shop,eclipse,beacon,1,1,greater_trial,0,975,298,3,bust
113,heuristic_shop,eclipse,beacon,1,0,lesser_trial,0,325,308,3,bust
114,heuristic_shop,eclipse,beacon,1,0,lesser_trial,0,325,663,2,clear
114,heuristic_shop,eclipse,beacon,1,1,greater_trial,0,975,435,3,bust
115,heuristic_shop,eclipse,beacon,1,0,lesser_trial,0,325,500,1,clear
115,heuristic_shop,eclipse,beacon,1,1,greater_trial,0,975,1245,2,clear
115,heuristic_shop,eclipse,beacon,1,2,charon,1,2080,802,3,bust
116,heuristic_shop,eclipse,beacon,1,0,lesser_trial,0,325,422,3,clear
116,heuristic_shop,eclipse,beacon,1,1,greater_trial,0,975,881,3,bust
117,heuristic_shop,eclipse,beacon,1,0,lesser_trial,0,325,435,2,clear
117,heuristic_shop,eclipse,beacon,1,1,greater_trial,0,975,695,3,bust
118,heuristic_shop,eclipse,beacon,1,0,lesser_trial,0,325,384,1,clear
118,heuristic_shop,eclipse,beacon,1,1,greater_trial,0,975,1277,2,clear
118,heuristic_shop,eclipse,beacon,1,2,callisto,1,2080,150,3,bust
119,heuristic_shop,eclipse,beacon,1,0,lesser_trial,0,325,405,2,clear
119,heuristic_shop,eclipse,beacon,1,1,greater_trial,0,975,321,3,bust
120,heuristic_shop,eclipse,beacon,1,0,lesser_trial,0,325,301,3,bust
101,heuristic_shop,eclipse,nova,1,0,lesser_trial,0,363,45,2,bust
102,heuristic_shop,eclipse,nova,1,0,lesser_trial,0,363,293,2,bust
103,heuristic_shop,eclipse,nova,1,0,lesser_trial,0,363,726,2,clear
103,heuristic_shop,eclipse,nova,1,1,greater_trial,0,1088,435,2,bust
104,heuristic_shop,eclipse,nova,1,0,lesser_trial,0,363,225,2,bust
105,heuristic_shop,eclipse,nova,1,0,lesser_trial,0,363,111,2,bust
106,heuristic_shop,eclipse,nova,1,0,lesser_trial,0,363,254,2,bust
107,heuristic_shop,eclipse,nova,1,0,lesser_trial,0,363,92,2,bust
108,heuristic_shop,eclipse,nova,1,0,lesser_trial,0,363,263,2,bust
109,heuristic_shop,eclipse,nova,1,0,lesser_trial,0,363,242,2,bust
110,heuristic_shop,eclipse,nova,1,0,lesser_trial,0,363,47,2,bust
111,heuristic_shop,eclipse,nova,1,0,lesser_trial,0,363,249,2,bust
112,heuristic_shop,eclipse,nova,1,0,lesser_trial,0,363,94,2,bust
113,heuristic_shop,eclipse,nova,1,0,lesser_trial,0,363,263,2,bust
114,heuristic_shop,eclipse,nova,1,0,lesser_trial,0,363,663,2,clear
114,heuristic_shop,eclipse,nova,1,1,greater_trial,0,1088,225,2,bust
115,heuristic_shop,eclipse,nova,1,0,lesser_trial,0,363,500,1,clear
115,heuristic_shop,eclipse,nova,1,1,greater_trial,0,1088,1245,2,clear
115,heuristic_shop,eclipse,nova,1,2,charon,1,2320,352,2,bust
116,heuristic_shop,eclipse,nova,1,0,lesser_trial,0,363,218,2,bust
117,heuristic_shop,eclipse,nova,1,0,lesser_trial,0,363,435,2,clear
117,heuristic_shop,eclipse,nova,1,1,greater_trial,0,1088,242,2,bust
118,heuristic_shop,eclipse,nova,1,0,lesser_trial,0,363,384,1,clear
118,heuristic_shop,eclipse,nova,1,1,greater_trial,0,1088,1277,2,clear
118,heuristic_shop,eclipse,nova,1,2,callisto,1,2320,94,2,bust
119,heuristic_shop,eclipse,nova,1,0,lesser_trial,0,363,405,2,clear
119,heuristic_shop,eclipse,nova,1,1,greater_trial,0,1088,229,2,bust
120,heuristic_shop,eclipse,nova,1,0,lesser_trial,0,363,263,2,bust
101,heuristic_shop,eclipse,supernova,1,0,lesser_trial,0,400,45,2,bust
102,heuristic_shop,eclipse,supernova,1,0,lesser_trial,0,400,293,2,bust
103,heuristic_shop,eclipse,supernova,1,0,lesser_trial,0,400,726,2,clear
103,heuristic_shop,eclipse,supernova,1,1,greater_trial,0,1200,435,2,bust
104,heuristic_shop,eclipse,supernova,1,0,lesser_trial,0,400,225,2,bust
105,heuristic_shop,eclipse,supernova,1,0,lesser_trial,0,400,111,2,bust
106,heuristic_shop,eclipse,supernova,1,0,lesser_trial,0,400,254,2,bust
107,heuristic_shop,eclipse,supernova,1,0,lesser_trial,0,400,92,2,bust
108,heuristic_shop,eclipse,supernova,1,0,lesser_trial,0,400,263,2,bust
109,heuristic_shop,eclipse,supernova,1,0,lesser_trial,0,400,242,2,bust
110,heuristic_shop,eclipse,supernova,1,0,lesser_trial,0,400,47,2,bust
111,heuristic_shop,eclipse,supernova,1,0,lesser_trial,0,400,249,2,bust
112,heuristic_shop,eclipse,supernova,1,0,lesser_trial,0,400,94,2,bust
113,heuristic_shop,eclipse,supernova,1,0,lesser_trial,0,400,263,2,bust
114,heuristic_shop,eclipse,supernova,1,0,lesser_trial,0,400,663,2,clear
114,heuristic_shop,eclipse,supernova,1,1,greater_trial,0,1200,225,2,bust
115,heuristic_shop,eclipse,supernova,1,0,lesser_trial,0,400,500,1,clear
115,heuristic_shop,eclipse,supernova,1,1,greater_trial,0,1200,704,2,bust
116,heuristic_shop,eclipse,supernova,1,0,lesser_trial,0,400,218,2,bust
117,heuristic_shop,eclipse,supernova,1,0,lesser_trial,0,400,435,2,clear
117,heuristic_shop,eclipse,supernova,1,1,greater_trial,0,1200,242,2,bust
118,heuristic_shop,eclipse,supernova,1,0,lesser_trial,0,400,497,2,clear
118,heuristic_shop,eclipse,supernova,1,1,greater_trial,0,1200,595,2,bust
119,heuristic_shop,eclipse,supernova,1,0,lesser_trial,0,400,405,2,clear
119,heuristic_shop,eclipse,supernova,1,1,greater_trial,0,1200,229,2,bust
120,heuristic_shop,eclipse,supernova,1,0,lesser_trial,0,400,263,2,bust
101,heuristic_shop,polyhedra,spark,1,0,lesser_trial,0,250,328,3,clear
101,heuristic_shop,polyhedra,spark,1,1,greater_trial,0,750,2018,3,clear
101,heuristic_shop,polyhedra,spark,1,2,ceres,1,1600,2407,3,clear
101,heuristic_shop,polyhedra,spark,2,3,lesser_trial,0,700,5648,2,clear
101,heuristic_shop,polyhedra,spark,2,4,greater_trial,0,1650,863,4,bust
102,heuristic_shop,polyhedra,spark,1,0,lesser_trial,0,250,1044,1,clear
102,heuristic_shop,polyhedra,spark,1,1,greater_trial,0,750,193,4,bust
103,heuristic_shop,polyhedra,spark,1,0,lesser_trial,0,250,1354,2,clear
103,heuristic_shop,polyhedra,spark,1,1,greater_trial,0,750,1514,3,clear
104,heuristic_shop,polyhedra,spark,1,0,lesser_trial,0,250,262,2,clear
104,heuristic_shop,polyhedra,spark,1,1,greater_trial,0,750,2252,4,clear
104,heuristic_shop,polyhedra,spark,1,2,callisto,1,1600,977,4,bust
105,heuristic_shop,polyhedra,spark,1,0,lesser_trial,0,250,237,4,bust
106,heuristic_shop,polyhedra,spark,1,0,lesser_trial,0,250,383,1,clear
106,heuristic_shop,polyhedra,spark,1,1,greater_trial,0,750,812,3,clear
106,heuristic_shop,polyhedra,spark,1,2,charon,1,1600,432,4,bust
107,heuristic_shop,polyhedra,spark,1,0,lesser_trial,0,250,524,2,clear
107,heuristic_shop,polyhedra,spark,1,1,greater_trial,0,750,996,1,clear
107,heuristic_shop,polyhedra,spark,1,2,callisto,1,1600,423,4,bust
108,heuristic_shop,polyhedra,spark,1,0,lesser_trial,0,250,1505,3,clear
108,heuristic_shop,polyhedra,spark,1,1,greater_trial,0,750,559,4,bust
109,heuristic_shop,polyhedra,spark,1,0,lesser_trial,0,250,1870,3,clear
109,heuristic_shop,polyhedra,spark,1,1,greater_trial,0,750,129,4,bust
110,heuristic_shop,polyhedra,spark,1,0,lesser_trial,0,250,152,4,bust
111,heuristic_shop,polyhedra,spark,1,0,lesser_trial,0,250,332,2,clear
111,heuristic_shop,polyhedra,spark,1,1,greater_trial,0,750,744,4,bust
112,heuristic_shop,polyhedra,spark,1,0,lesser_trial,0,250,251,2,clear
112,heuristic_shop,polyhedra,spark,1,1,greater_trial,0,750,654,4,bust
113,heuristic_shop,polyhedra,spark,1,0,lesser_trial,0,250,274,2,clear
113,heuristic_shop,polyhedra,spark,1,1,greater_trial,0,750,513,4,bust
114,heuristic_shop,polyhedra,spark,1,0,lesser_trial,0,250,1044,1,clear
114,heuristic_shop,polyhedra,spark,1,1,greater_trial,0,750,330,4,bust
115,heuristic_shop,polyhedra,spark,1,0,lesser_trial,0,250,290,2,clear
115,heuristic_shop,polyhedra,spark,1,1,greater_trial,0,750,359,4,bust
116,heuristic_shop,polyhedra,spark,1,0,lesser_trial,0,250,282,2,clear
116,heuristic_shop,polyhedra,spark,1,1,greater_trial,0,750,358,4,bust
117,heuristic_shop,polyhedra,spark,1,0,lesser_trial,0,250,346,2,clear
117,heuristic_shop,polyhedra,spark,1,1,greater_trial,0,750,569,4,bust
118,heuristic_shop,polyhedra,spark,1,0,lesser_trial,0,250,383,1,clear
118,heuristic_shop,polyhedra,spark,1,1,greater_trial,0,750,158,4,bust
119,heuristic_shop,polyhedra,spark,1,0,lesser_trial,0,250,207,4,bust
120,heuristic_shop,polyhedra,spark,1,0,lesser_trial,0,250,131,4,bust
101,heuristic_shop,polyhedra,ember,1,0,lesser_trial,0,300,249,3,bust
102,heuristic_shop,polyhedra,ember,1,0,lesser_trial,0,300,1044,1,clear
102,heuristic_shop,polyhedra,ember,1,1,greater_trial,0,900,93,3,bust
103,heuristic_shop,polyhedra,ember,1,0,lesser_trial,0,300,1354,2,clear
103,heuristic_shop,polyhedra,ember,1,1,greater_trial,0,900,1514,3,clear
104,heuristic_shop,polyhedra,ember,1,0,lesser_trial,0,300,295,3,bust
105,heuristic_shop,polyhedra,ember,1,0,lesser_trial,0,300,145,3,bust
106,heuristic_shop,polyhedra,ember,1,0,lesser_trial,0,300,383,1,clear
106,heuristic_shop,polyhedra,ember,1,1,greater_trial,0,900,812,3,bust
107,heuristic_shop,polyhedra,ember,1,0,lesser_trial,0,300,524,2,clear
107,heuristic_shop,polyhedra,ember,1,1,greater_trial,0,900,996,1,clear
107,heuristic_shop,polyhedra,ember,1,2,callisto,1,1920,389,3,bust
108,heuristic_shop,polyhedra,ember,1,0,lesser_trial,0,300,127,3,bust
109,heuristic_shop,polyhedra,ember,1,0,lesser_trial,0,300,504,3,clear
109,heuristic_shop,polyhedra,ember,1,1,greater_trial,0,900,311,3,bust
110,heuristic_shop,polyhedra,ember,1,0,lesser_trial,0,300,111,3,bust
111,heuristic_shop,polyhedra,ember,1,0,lesser_trial,0,300,332,2,clear
111,heuristic_shop,polyhedra,ember,1,1,greater_trial,0,900,383,3,bust
112,heuristic_shop,polyhedra,ember,1,0,lesser_trial,0,300,288,3,bust
113,heuristic_shop,polyhedra,ember,1,0,lesser_trial,0,300,284,3,bust
114,heuristic_shop,polyhedra,ember,1,0,lesser_trial,0,300,1044,1,clear
114,heuristic_shop,polyhedra,ember,1,1,greater_trial,0,900,241,3,bust
115,heuristic_shop,polyhedra,ember,1,0,lesser_trial,0,300,319,3,clear
115,heuristic_shop,polyhedra,ember,1,1,greater_trial,0,900,1092,1,clear
115,heuristic_shop,polyhedra,ember,1,2,charon,1,1920,89,3,bust
116,heuristic_shop,polyhedra,ember,1,0,lesser_trial,0,300,311,3,clear
116,heuristic_shop,polyhedra,ember,1,1,greater_trial,0,900,278,3,bust
117,heuristic_shop,polyhedra,ember,1,0,lesser_trial,0,300,346,2,clear
117,heuristic_shop,polyhedra,ember,1,1,greater_trial,0,900,248,3,bust
118,heuristic_shop,polyhedra,ember,1,0,lesser_trial,0,300,383,1,clear
118,heuristic_shop,polyhedra,ember,1,1,greater_trial,0,900,148,3,bust
119,heuristic_shop,polyhedra,ember,1,0,lesser_trial,0,300,90,3,bust
120,heuristic_shop,polyhedra,ember,1,0,lesser_trial,0,300,121,3,bust
101,heuristic_shop,polyhedra,pyre,1,0,lesser_trial,0,300,37,3,bust
102,heuristic_shop,polyhedra,pyre,1,0,lesser_trial,0,300,1044,1,clear
102,heuristic_shop,polyhedra,pyre,1,1,greater_trial,0,900,377,3,bust
103,heuristic_shop,polyhedra,pyre,1,0,lesser_trial,0,300,321,2,clear
103,heuristic_shop,polyhedra,pyre,1,1,greater_trial,0,900,136,3,bust
104,heuristic_shop,polyhedra,pyre,1,0,lesser_trial,0,300,282,3,bust
105,heuristic_shop,polyhedra,pyre,1,0,lesser_trial,0,300,386,2,clear
105,heuristic_shop,polyhedra,pyre,1,1,greater_trial,0,900,558,3,bust
106,heuristic_shop,polyhedra,pyre,1,0,lesser_trial,0,300,383,1,clear
106,heuristic_shop,polyhedra,pyre,1,1,greater_trial,0,900,121,3,bust
107,heuristic_shop,polyhedra,pyre,1,0,lesser_trial,0,300,176,3,bust
108,heuristic_shop,polyhedra,pyre,1,0,lesser_trial,0,300,123,3,bust
109,heuristic_shop,polyhedra,pyre,1,0,lesser_trial,0,300,331,3,clear
109,heuristic_shop,polyhedra,pyre,1,1,greater_trial,0,900,167,3,bust
110,heuristic_shop,polyhedra,pyre,1,0,lesser_trial,0,300,419,2,clear
110,heuristic_shop,polyhedra,pyre,1,1,greater_trial,0,900,348,3,bust
111,heuristic_shop,polyhedra,pyre,1,0,lesser_trial,0,300,344,2,clear
111,heuristic_shop,polyhedra,pyre,1,1,greater_trial,0,900,166,3,bust
112,heuristic_shop,polyhedra,pyre,1,0,lesser_trial,0,300,128,3,bust
113,heuristic_shop,polyhedra,pyre,1,0,lesser_trial,0,300,319,3,clear
113,heuristic_shop,polyhedra,pyre,1,1,greater_trial,0,900,8763,2,clear
113,heuristic_shop,polyhedra,pyre,1,2,callisto,1,1920,110,3,bust
114,heuristic_shop,polyhedra,pyre,1,0,lesser_trial,0,300,311,3,clear
114,heuristic_shop,polyhedra,pyre,1,1,greater_trial,0,900,249,3,bust
115,heuristic_shop,polyhedra,pyre,1,0,lesser_trial,0,300,1222,2,clear
115,heuristic_shop,polyhedra,pyre,1,1,greater_trial,0,900,383,3,bust
116,heuristic_shop,polyhedra,pyre,1,0,lesser_trial,0,300,90,3,bust
117,heuristic_shop,polyhedra,pyre,1,0,lesser_trial,0,300,159,3,bust
118,heuristic_shop,polyhedra,pyre,1,0,lesser_trial,0,300,368,3,clear
118,heuristic_shop,polyhedra,pyre,1,1,greater_trial,0,900,604,3,bust
119,heuristic_shop,polyhedra,pyre,1,0,lesser_trial,0,300,108,3,bust
120,heuristic_shop,polyhedra,pyre,1,0,lesser_trial,0,300,1334,2,clear
120,heuristic_shop,polyhedra,pyre,1,1,greater_trial,0,900,510,4,bust
101,heuristic_shop,polyhedra,beacon,1,0,lesser_trial,0,325,37,3,bust
102,heuristic_shop,polyhedra,beacon,1,0,lesser_trial,0,325,1044,1,clear
102,heuristic_shop,polyhedra,beacon,1,1,greater_trial,0,975,377,3,bust
103,heuristic_shop,polyhedra,beacon,1,0,lesser_trial,0,325,350,3,clear
103,heuristic_shop,polyhedra,beacon,1,1,greater_trial,0,975,123,3,bust
104,heuristic_shop,polyhedra,beacon,1,0,lesser_trial,0,325,282,3,bust
105,heuristic_shop,polyhedra,beacon,1,0,lesser_trial,0,325,386,2,clear
105,heuristic_shop,polyhedra,beacon,1,1,greater_trial,0,975,558,3,bust
106,heuristic_shop,polyhedra,beacon,1,0,lesser_trial,0,325,383,1,clear
106,heuristic_shop,polyhedra,beacon,1,1,greater_trial,0,975,121,3,bust
107,heuristic_shop,polyhedra,beacon,1,0,lesser_trial,0,325,176,3,bust
108,heuristic_shop,polyhedra,beacon,1,0,lesser_trial,0,325,123,3,bust
109,heuristic_shop,polyhedra,beacon,1,0,lesser_trial,0,325,331,3,clear
109,heuristic_shop,polyhedra,beacon,1,1,greater_trial,0,975,167,3,bust
110,heuristic_shop,polyhedra,beacon,1,0,lesser_trial,0,325,419,2,clear
110,heuristic_shop,polyhedra,beacon,1,1,greater_trial,0,975,348,3,bust
111,heuristic_shop,polyhedra,beacon,1,0,lesser_trial,0,325,344,2,clear
111,heuristic_shop,polyhedra,beacon,1,1,greater_trial,0,975,166,3,bust
112,heuristic_shop,polyhedra,beacon,1,0,lesser_trial,0,325,128,3,bust
113,heuristic_shop,polyhedra,beacon,1,0,lesser_trial,0,325,319,3,bust
114,heuristic_shop,polyhedra,beacon,1,0,lesser_trial,0,325,311,3,bust
115,heuristic_shop,polyhedra,beacon,1,0,lesser_trial,0,325,1222,2,clear
115,heuristic_shop,polyhedra,beacon,1,1,greater_trial,0,975,383,3,bust
116,heuristic_shop,polyhedra,beacon,1,0,lesser_trial,0,325,90,3,bust
117,heuristic_shop,polyhedra,beacon,1,0,lesser_trial,0,325,159,3,bust
118,heuristic_shop,polyhedra,beacon,1,0,lesser_trial,0,325,368,3,clear
118,heuristic_shop,polyhedra,beacon,1,1,greater_trial,0,975,549,3,bust
119,heuristic_shop,polyhedra,beacon,1,0,lesser_trial,0,325,108,3,bust
120,heuristic_shop,polyhedra,beacon,1,0,lesser_trial,0,325,1334,2,clear
120,heuristic_shop,polyhedra,beacon,1,1,greater_trial,0,975,838,3,bust
101,heuristic_shop,polyhedra,nova,1,0,lesser_trial,0,363,33,2,bust
102,heuristic_shop,polyhedra,nova,1,0,lesser_trial,0,363,1044,1,clear
102,heuristic_shop,polyhedra,nova,1,1,greater_trial,0,1088,95,2,bust
103,heuristic_shop,polyhedra,nova,1,0,lesser_trial,0,363,90,2,bust
104,heuristic_shop,polyhedra,nova,1,0,lesser_trial,0,363,242,2,bust
105,heuristic_shop,polyhedra,nova,1,0,lesser_trial,0,363,106,2,bust
106,heuristic_shop,polyhedra,nova,1,0,lesser_trial,0,363,383,1,clear
106,heuristic_shop,polyhedra,nova,1,1,greater_trial,0,1088,114,2,bust
107,heuristic_shop,polyhedra,nova,1,0,lesser_trial,0,363,78,2,bust
108,heuristic_shop,polyhedra,nova,1,0,lesser_trial,0,363,73,2,bust
109,heuristic_shop,polyhedra,nova,1,0,lesser_trial,0,363,290,2,bust
110,heuristic_shop,polyhedra,nova,1,0,lesser_trial,0,363,419,2,clear
110,heuristic_shop,polyhedra,nova,1,1,greater_trial,0,1088,283,2,bust
111,heuristic_shop,polyhedra,nova,1,0,lesser_trial,0,363,99,2,bust
112,heuristic_shop,polyhedra,nova,1,0,lesser_trial,0,363,43,2,bust
113,heuristic_shop,polyhedra,nova,1,0,lesser_trial,0,363,282,2,bust
114,heuristic_shop,polyhedra,nova,1,0,lesser_trial,0,363,243,2,bust
115,heuristic_shop,polyhedra,nova,1,0,lesser_trial,0,363,73,2,bust
116,heuristic_shop,polyhedra,nova,1,0,lesser_trial,0,363,80,2,bust
117,heuristic_shop,polyhedra,nova,1,0,lesser_trial,0,363,50,2,bust
118,heuristic_shop,polyhedra,nova,1,0,lesser_trial,0,363,135,2,bust
119,heuristic_shop,polyhedra,nova,1,0,lesser_trial,0,363,100,2,bust
120,heuristic_shop,polyhedra,nova,1,0,lesser_trial,0,363,320,2,bust
101,heuristic_shop,polyhedra,supernova,1,0,lesser_trial,0,400,33,2,bust
102,heuristic_shop,polyhedra,supernova,1,0,lesser_trial,0,400,1044,1,clear
102,heuristic_shop,polyhedra,supernova,1,1,greater_trial,0,1200,95,2,bust
103,heuristic_shop,polyhedra,supernova,1,0,lesser_trial,0,400,90,2,bust
104,heuristic_shop,polyhedra,supernova,1,0,lesser_trial,0,400,242,2,bust
105,heuristic_shop,polyhedra,supernova,1,0,lesser_trial,0,400,106,2,bust
106,heuristic_shop,polyhedra,supernova,1,0,lesser_trial,0,400,480,2,clear
106,heuristic_shop,polyhedra,supernova,1,1,greater_trial,0,1200,266,2,bust
107,heuristic_shop,polyhedra,supernova,1,0,lesser_trial,0,400,78,2,bust
108,heuristic_shop,polyhedra,supernova,1,0,lesser_trial,0,400,73,2,bust
109,heuristic_shop,polyhedra,supernova,1,0,lesser_trial,0,400,290,2,bust
110,heuristic_shop,polyhedra,supernova,1,0,lesser_trial,0,400,419,2,clear
110,heuristic_shop,polyhedra,supernova,1,1,greater_trial,0,1200,283,2,bust
111,heuristic_shop,polyhedra,supernova,1,0,lesser_trial,0,400,99,2,bust
112,heuristic_shop,polyhedra,supernova,1,0,lesser_trial,0,400,43,2,bust
113,heuristic_shop,polyhedra,supernova,1,0,lesser_trial,0,400,282,2,bust
114,heuristic_shop,polyhedra,supernova,1,0,lesser_trial,0,400,243,2,bust
115,heuristic_shop,polyhedra,supernova,1,0,lesser_trial,0,400,73,2,bust
116,heuristic_shop,polyhedra,supernova,1,0,lesser_trial,0,400,80,2,bust
117,heuristic_shop,polyhedra,supernova,1,0,lesser_trial,0,400,50,2,bust
118,heuristic_shop,polyhedra,supernova,1,0,lesser_trial,0,400,135,2,bust
119,heuristic_shop,polyhedra,supernova,1,0,lesser_trial,0,400,100,2,bust
120,heuristic_shop,polyhedra,supernova,1,0,lesser_trial,0,400,320,2,bust
101,heuristic_shop,ophiuchus,spark,1,0,lesser_trial,0,250,11,4,bust
102,heuristic_shop,ophiuchus,spark,1,0,lesser_trial,0,250,99,4,bust
103,heuristic_shop,ophiuchus,spark,1,0,lesser_trial,0,250,227,4,bust
104,heuristic_shop,ophiuchus,spark,1,0,lesser_trial,0,250,340,3,clear
104,heuristic_shop,ophiuchus,spark,1,1,greater_trial,0,750,280,4,bust
105,heuristic_shop,ophiuchus,spark,1,0,lesser_trial,0,250,138,4,bust
106,heuristic_shop,ophiuchus,spark,1,0,lesser_trial,0,250,266,2,clear
106,heuristic_shop,ophiuchus,spark,1,1,greater_trial,0,750,471,4,bust
107,heuristic_shop,ophiuchus,spark,1,0,lesser_trial,0,250,140,4,bust
108,heuristic_shop,ophiuchus,spark,1,0,lesser_trial,0,250,224,4,bust
109,heuristic_shop,ophiuchus,spark,1,0,lesser_trial,0,250,276,1,clear
109,heuristic_shop,ophiuchus,spark,1,1,greater_trial,0,750,154,4,bust
110,heuristic_shop,ophiuchus,spark,1,0,lesser_trial,0,250,345,2,clear
110,heuristic_shop,ophiuchus,spark,1,1,greater_trial,0,750,125,4,bust
111,heuristic_shop,ophiuchus,spark,1,0,lesser_trial,0,250,330,2,clear
111,heuristic_shop,ophiuchus,spark,1,1,greater_trial,0,750,392,4,bust
112,heuristic_shop,ophiuchus,spark,1,0,lesser_trial,0,250,392,2,clear
112,heuristic_shop,ophiuchus,spark,1,1,greater_trial,0,750,227,4,bust
113,heuristic_shop,ophiuchus,spark,1,0,lesser_trial,0,250,146,4,bust
114,heuristic_shop,ophiuchus,spark,1,0,lesser_trial,0,250,240,4,bust
115,heuristic_shop,ophiuchus,spark,1,0,lesser_trial,0,250,195,4,bust
116,heuristic_shop,ophiuchus,spark,1,0,lesser_trial,0,250,213,4,bust
117,heuristic_shop,ophiuchus,spark,1,0,lesser_trial,0,250,373,3,clear
117,heuristic_shop,ophiuchus,spark,1,1,greater_trial,0,750,315,4,bust
118,heuristic_shop,ophiuchus,spark,1,0,lesser_trial,0,250,721,3,clear
118,heuristic_shop,ophiuchus,spark,1,1,greater_trial,0,750,776,4,clear
118,heuristic_shop,ophiuchus,spark,1,2,callisto,1,1600,123,4,bust
119,heuristic_shop,ophiuchus,spark,1,0,lesser_trial,0,250,127,4,bust
120,heuristic_shop,ophiuchus,spark,1,0,lesser_trial,0,250,183,4,bust
101,heuristic_shop,ophiuchus,ember,1,0,lesser_trial,0,300,11,3,bust
102,heuristic_shop,ophiuchus,ember,1,0,lesser_trial,0,300,89,3,bust
103,heuristic_shop,ophiuchus,ember,1,0,lesser_trial,0,300,135,3,bust
104,heuristic_shop,ophiuchus,ember,1,0,lesser_trial,0,300,134,3,bust
105,heuristic_shop,ophiuchus,ember,1,0,lesser_trial,0,300,151,3,bust
106,heuristic_shop,ophiuchus,ember,1,0,lesser_trial,0,300,422,3,clear
106,heuristic_shop,ophiuchus,ember,1,1,greater_trial,0,900,179,3,bust
107,heuristic_shop,ophiuchus,ember,1,0,lesser_trial,0,300,88,3,bust
108,heuristic_shop,ophiuchus,ember,1,0,lesser_trial,0,300,142,3,bust
109,heuristic_shop,ophiuchus,ember,1,0,lesser_trial,0,300,321,2,clear
109,heuristic_shop,ophiuchus,ember,1,1,greater_trial,0,900,102,3,bust
110,heuristic_shop,ophiuchus,ember,1,0,lesser_trial,0,300,345,2,clear
110,heuristic_shop,ophiuchus,ember,1,1,greater_trial,0,900,106,3,bust
111,heuristic_shop,ophiuchus,ember,1,0,lesser_trial,0,300,330,2,clear
111,heuristic_shop,ophiuchus,ember,1,1,greater_trial,0,900,388,3,bust
112,heuristic_shop,ophiuchus,ember,1,0,lesser_trial,0,300,392,2,clear
112,heuristic_shop,ophiuchus,ember,1,1,greater_trial,0,900,125,3,bust
113,heuristic_shop,ophiuchus,ember,1,0,lesser_trial,0,300,133,3,bust
114,heuristic_shop,ophiuchus,ember,1,0,lesser_trial,0,300,146,3,bust
115,heuristic_shop,ophiuchus,ember,1,0,lesser_trial,0,300,135,3,bust
116,heuristic_shop,ophiuchus,ember,1,0,lesser_trial,0,300,138,3,bust
117,heuristic_shop,ophiuchus,ember,1,0,lesser_trial,0,300,77,3,bust
118,heuristic_shop,ophiuchus,ember,1,0,lesser_trial,0,300,148,3,bust
119,heuristic_shop,ophiuchus,ember,1,0,lesser_trial,0,300,46,3,bust
120,heuristic_shop,ophiuchus,ember,1,0,lesser_trial,0,300,181,3,bust
101,heuristic_shop,ophiuchus,pyre,1,0,lesser_trial,0,300,54,3,bust
102,heuristic_shop,ophiuchus,pyre,1,0,lesser_trial,0,300,93,3,bust
103,heuristic_shop,ophiuchus,pyre,1,0,lesser_trial,0,300,48,3,bust
104,heuristic_shop,ophiuchus,pyre,1,0,lesser_trial,0,300,46,3,bust
105,heuristic_shop,ophiuchus,pyre,1,0,lesser_trial,0,300,48,3,bust
106,heuristic_shop,ophiuchus,pyre,1,0,lesser_trial,0,300,328,3,clear
106,heuristic_shop,ophiuchus,pyre,1,1,greater_trial,0,900,89,3,bust
107,heuristic_shop,ophiuchus,pyre,1,0,lesser_trial,0,300,97,3,bust
108,heuristic_shop,ophiuchus,pyre,1,0,lesser_trial,0,300,142,3,bust
109,heuristic_shop,ophiuchus,pyre,1,0,lesser_trial,0,300,321,2,clear
109,heuristic_shop,ophiuchus,pyre,1,1,greater_trial,0,900,304,3,bust
110,heuristic_shop,ophiuchus,pyre,1,0,lesser_trial,0,300,18,3,bust
111,heuristic_shop,ophiuchus,pyre,1,0,lesser_trial,0,300,33,3,bust
112,heuristic_shop,ophiuchus,pyre,1,0,lesser_trial,0,300,820,2,clear
112,heuristic_shop,ophiuchus,pyre,1,1,greater_trial,0,900,101,3,bust
113,heuristic_shop,ophiuchus,pyre,1,0,lesser_trial,0,300,218,3,bust
114,heuristic_shop,ophiuchus,pyre,1,0,lesser_trial,0,300,140,3,bust
115,heuristic_shop,ophiuchus,pyre,1,0,lesser_trial,0,300,127,3,bust
116,heuristic_shop,ophiuchus,pyre,1,0,lesser_trial,0,300,146,3,bust
117,heuristic_shop,ophiuchus,pyre,1,0,lesser_trial,0,300,82,3,bust
118,heuristic_shop,ophiuchus,pyre,1,0,lesser_trial,0,300,138,3,bust
119,heuristic_shop,ophiuchus,pyre,1,0,lesser_trial,0,300,354,2,clear
119,heuristic_shop,ophiuchus,pyre,1,1,greater_trial,0,900,139,3,bust
120,heuristic_shop,ophiuchus,pyre,1,0,lesser_trial,0,300,82,3,bust
101,heuristic_shop,ophiuchus,beacon,1,0,lesser_trial,0,325,54,3,bust
102,heuristic_shop,ophiuchus,beacon,1,0,lesser_trial,0,325,93,3,bust
103,heuristic_shop,ophiuchus,beacon,1,0,lesser_trial,0,325,48,3,bust
104,heuristic_shop,ophiuchus,beacon,1,0,lesser_trial,0,325,46,3,bust
105,heuristic_shop,ophiuchus,beacon,1,0,lesser_trial,0,325,48,3,bust
106,heuristic_shop,ophiuchus,beacon,1,0,lesser_trial,0,325,328,3,clear
106,heuristic_shop,ophiuchus,beacon,1,1,greater_trial,0,975,84,3,bust
107,heuristic_shop,ophiuchus,beacon,1,0,lesser_trial,0,325,97,3,bust
108,heuristic_shop,ophiuchus,beacon,1,0,lesser_trial,0,325,142,3,bust
109,heuristic_shop,ophiuchus,beacon,1,0,lesser_trial,0,325,332,3,clear
109,heuristic_shop,ophiuchus,beacon,1,1,greater_trial,0,975,43,3,bust
110,heuristic_shop,ophiuchus,beacon,1,0,lesser_trial,0,325,18,3,bust
111,heuristic_shop,ophiuchus,beacon,1,0,lesser_trial,0,325,33,3,bust
112,heuristic_shop,ophiuchus,beacon,1,0,lesser_trial,0,325,820,2,clear
112,heuristic_shop,ophiuchus,beacon,1,1,greater_trial,0,975,101,3,bust
113,heuristic_shop,ophiuchus,beacon,1,0,lesser_trial,0,325,218,3,bust
114,heuristic_shop,ophiuchus,beacon,1,0,lesser_trial,0,325,140,3,bust
115,heuristic_shop,ophiuchus,beacon,1,0,lesser_trial,0,325,127,3,bust
116,heuristic_shop,ophiuchus,beacon,1,0,lesser_trial,0,325,146,3,bust
117,heuristic_shop,ophiuchus,beacon,1,0,lesser_trial,0,325,82,3,bust
118,heuristic_shop,ophiuchus,beacon,1,0,lesser_trial,0,325,138,3,bust
119,heuristic_shop,ophiuchus,beacon,1,0,lesser_trial,0,325,354,2,clear
119,heuristic_shop,ophiuchus,beacon,1,1,greater_trial,0,975,116,3,bust
120,heuristic_shop,ophiuchus,beacon,1,0,lesser_trial,0,325,82,3,bust
101,heuristic_shop,ophiuchus,nova,1,0,lesser_trial,0,363,54,2,bust
102,heuristic_shop,ophiuchus,nova,1,0,lesser_trial,0,363,82,2,bust
103,heuristic_shop,ophiuchus,nova,1,0,lesser_trial,0,363,19,2,bust
104,heuristic_shop,ophiuchus,nova,1,0,lesser_trial,0,363,26,2,bust
105,heuristic_shop,ophiuchus,nova,1,0,lesser_trial,0,363,17,2,bust
106,heuristic_shop,ophiuchus,nova,1,0,lesser_trial,0,363,283,2,bust
107,heuristic_shop,ophiuchus,nova,1,0,lesser_trial,0,363,82,2,bust
108,heuristic_shop,ophiuchus,nova,1,0,lesser_trial,0,363,67,2,bust
109,heuristic_shop,ophiuchus,nova,1,0,lesser_trial,0,363,321,2,bust
110,heuristic_shop,ophiuchus,nova,1,0,lesser_trial,0,363,11,2,bust
111,heuristic_shop,ophiuchus,nova,1,0,lesser_trial,0,363,30,2,bust
112,heuristic_shop,ophiuchus,nova,1,0,lesser_trial,0,363,30,2,bust
113,heuristic_shop,ophiuchus,nova,1,0,lesser_trial,0,363,120,2,bust
114,heuristic_shop,ophiuchus,nova,1,0,lesser_trial,0,363,131,2,bust
115,heuristic_shop,ophiuchus,nova,1,0,lesser_trial,0,363,120,2,bust
116,heuristic_shop,ophiuchus,nova,1,0,lesser_trial,0,363,131,2,bust
117,heuristic_shop,ophiuchus,nova,1,0,lesser_trial,0,363,71,2,bust
118,heuristic_shop,ophiuchus,nova,1,0,lesser_trial,0,363,90,2,bust
119,heuristic_shop,ophiuchus,nova,1,0,lesser_trial,0,363,26,2,bust
120,heuristic_shop,ophiuchus,nova,1,0,lesser_trial,0,363,17,2,bust
101,heuristic_shop,ophiuchus,supernova,1,0,lesser_trial,0,400,54,2,bust
102,heuristic_shop,ophiuchus,supernova,1,0,lesser_trial,0,400,82,2,bust
103,heuristic_shop,ophiuchus,supernova,1,0,lesser_trial,0,400,19,2,bust
104,heuristic_shop,ophiuchus,supernova,1,0,lesser_trial,0,400,26,2,bust
105,heuristic_shop,ophiuchus,supernova,1,0,lesser_trial,0,400,17,2,bust
106,heuristic_shop,ophiuchus,supernova,1,0,lesser_trial,0,400,283,2,bust
107,heuristic_shop,ophiuchus,supernova,1,0,lesser_trial,0,400,82,2,bust
108,heuristic_shop,ophiuchus,supernova,1,0,lesser_trial,0,400,67,2,bust
109,heuristic_shop,ophiuchus,supernova,1,0,lesser_trial,0,400,321,2,bust
110,heuristic_shop,ophiuchus,supernova,1,0,lesser_trial,0,400,11,2,bust
111,heuristic_shop,ophiuchus,supernova,1,0,lesser_trial,0,400,30,2,bust
112,heuristic_shop,ophiuchus,supernova,1,0,lesser_trial,0,400,30,2,bust
113,heuristic_shop,ophiuchus,supernova,1,0,lesser_trial,0,400,120,2,bust
114,heuristic_shop,ophiuchus,supernova,1,0,lesser_trial,0,400,131,2,bust
115,heuristic_shop,ophiuchus,supernova,1,0,lesser_trial,0,400,120,2,bust
116,heuristic_shop,ophiuchus,supernova,1,0,lesser_trial,0,400,131,2,bust
117,heuristic_shop,ophiuchus,supernova,1,0,lesser_trial,0,400,71,2,bust
118,heuristic_shop,ophiuchus,supernova,1,0,lesser_trial,0,400,90,2,bust
119,heuristic_shop,ophiuchus,supernova,1,0,lesser_trial,0,400,26,2,bust
120,heuristic_shop,ophiuchus,supernova,1,0,lesser_trial,0,400,17,2,bust
